id,name,role,region,project_id,skill_level
W_0001,Worker_1,engineer,europe,P_011,2
W_0002,Worker_2,installer,europe,P_016,3
W_0003,Worker_3,safety,europe,P_012,3
W_0004,Worker_4,engineer,europe,P_019,3
W_0005,Worker_5,safety,europe,P_009,1
W_0006,Worker_6,supervisor,europe,P_008,5
W_0007,Worker_7,electrician,europe,P_006,1
W_0008,Worker_8,installer,europe,P_012,4
W_0009,Worker_9,safety,europe,P_006,2
W_0010,Worker_10,installer,europe,P_009,2
W_0011,Worker_11,supervisor,europe,P_013,4
W_0012,Worker_12,installer,europe,P_011,3
W_0013,Worker_13,supervisor,europe,P_018,2
W_0014,Worker_14,electrician,europe,P_014,2
W_0015,Worker_15,safety,europe,P_010,3
W_0016,Worker_16,safety,europe,P_014,2
W_0017,Worker_17,supervisor,europe,P_010,4
W_0018,Worker_18,safety,europe,P_001,4
W_0019,Worker_19,engineer,europe,P_014,2
W_0020,Worker_20,safety,europe,P_017,2
W_0021,Worker_21,installer,europe,P_018,3
W_0022,Worker_22,safety,europe,P_012,2
W_0023,Worker_23,engineer,europe,P_019,3
W_0024,Worker_24,electrician,europe,P_015,5
W_0025,Worker_25,installer,europe,P_018,3
W_0026,Worker_26,installer,europe,P_019,3
W_0027,Worker_27,electrician,europe,P_018,5
W_0028,Worker_28,engineer,europe,P_005,4
W_0029,Worker_29,installer,europe,P_015,2
W_0030,Worker_30,supervisor,europe,P_008,2
W_0031,Worker_31,supervisor,europe,P_004,1
W_0032,Worker_32,supervisor,europe,P_006,3
W_0033,Worker_33,engineer,europe,P_005,1
W_0034,Worker_34,engineer,europe,P_007,5
W_0035,Worker_35,electrician,europe,P_004,3
W_0036,Worker_36,installer,europe,P_004,4
W_0037,Worker_37,electrician,europe,P_001,3
W_0038,Worker_38,engineer,europe,P_017,3
W_0039,Worker_39,engineer,europe,P_015,3
W_0040,Worker_40,safety,europe,P_009,3
W_0041,Worker_41,engineer,europe,P_016,4
W_0042,Worker_42,engineer,europe,P_015,5
W_0043,Worker_43,electrician,europe,P_018,5
W_0044,Worker_44,supervisor,europe,P_013,5
W_0045,Worker_45,installer,europe,P_017,2
W_0046,Worker_46,supervisor,europe,P_001,3
W_0047,Worker_47,engineer,europe,P_005,2
W_0048,Worker_48,safety,europe,P_013,4
W_0049,Worker_49,safety,europe,P_017,2
W_0050,Worker_50,supervisor,europe,P_013,4
W_0051,Worker_51,installer,europe,P_019,3
W_0052,Worker_52,installer,europe,P_012,3
W_0053,Worker_53,safety,europe,P_001,3
W_0054,Worker_54,installer,europe,P_002,2
W_0055,Worker_55,electrician,europe,P_007,2
W_0056,Worker_56,safety,europe,P_009,3
W_0057,Worker_57,safety,europe,P_009,3
W_0058,Worker_58,safety,europe,P_019,2
W_0059,Worker_59,installer,europe,P_012,3
W_0060,Worker_60,installer,europe,P_005,3
W_0061,Worker_61,engineer,europe,P_010,2
W_0062,Worker_62,electrician,europe,P_012,1
W_0063,Worker_63,engineer,europe,P_015,5
W_0064,Worker_64,supervisor,europe,P_017,3
W_0065,Worker_65,safety,europe,P_008,3
W_0066,Worker_66,supervisor,europe,P_009,2
W_0067,Worker_67,installer,europe,P_001,2
W_0068,Worker_68,electrician,europe,P_008,4
W_0069,Worker_69,supervisor,europe,P_018,2
W_0070,Worker_70,supervisor,europe,P_009,3
W_0071,Worker_71,engineer,europe,P_014,3
W_0072,Worker_72,safety,europe,P_019,4
W_0073,Worker_73,supervisor,europe,P_006,3
W_0074,Worker_74,electrician,europe,P_003,4
W_0075,Worker_75,safety,europe,P_010,4
W_0076,Worker_76,electrician,europe,P_016,3
W_0077,Worker_77,engineer,europe,P_011,2
W_0078,Worker_78,electrician,europe,P_006,3
W_0079,Worker_79,supervisor,europe,P_001,3
W_0080,Worker_80,electrician,europe,P_012,2
W_0081,Worker_81,installer,europe,P_007,3
W_0082,Worker_82,installer,europe,P_013,3
W_0083,Worker_83,engineer,europe,P_010,5
W_0084,Worker_84,installer,europe,P_015,3
W_0085,Worker_85,supervisor,europe,P_011,2
W_0086,Worker_86,safety,europe,P_008,3
W_0087,Worker_87,safety,europe,P_010,3
W_0088,Worker_88,electrician,europe,P_014,3
W_0089,Worker_89,engineer,europe,P_012,3
W_0090,Worker_90,electrician,europe,P_018,3
W_0091,Worker_91,installer,europe,P_013,3
W_0092,Worker_92,supervisor,europe,P_013,4
W_0093,Worker_93,installer,europe,P_005,2
W_0094,Worker_94,electrician,europe,P_005,2
W_0095,Worker_95,electrician,europe,P_011,2
W_0096,Worker_96,installer,europe,P_006,2
W_0097,Worker_97,installer,europe,P_016,4
W_0098,Worker_98,safety,europe,P_002,4
W_0099,Worker_99,electrician,europe,P_001,5
W_0100,Worker_100,supervisor,europe,P_008,5
W_0101,Worker_101,electrician,europe,P_007,4
W_0102,Worker_102,electrician,europe,P_006,3
W_0103,Worker_103,electrician,europe,P_013,3
W_0104,Worker_104,safety,europe,P_018,1
W_0105,Worker_105,supervisor,europe,P_010,3
W_0106,Worker_106,supervisor,europe,P_014,2
W_0107,Worker_107,installer,europe,P_011,2
W_0108,Worker_108,safety,europe,P_018,3
W_0109,Worker_109,engineer,europe,P_005,3
W_0110,Worker_110,electrician,europe,P_013,3
W_0111,Worker_111,supervisor,europe,P_014,2
W_0112,Worker_112,safety,europe,P_013,4
W_0113,Worker_113,supervisor,europe,P_005,3
W_0114,Worker_114,safety,europe,P_017,3
W_0115,Worker_115,installer,europe,P_007,3
W_0116,Worker_116,engineer,europe,P_018,1
W_0117,Worker_117,electrician,europe,P_018,3
W_0118,Worker_118,electrician,europe,P_002,3
W_0119,Worker_119,installer,europe,P_003,1
W_0120,Worker_120,engineer,europe,P_018,2
W_0121,Worker_121,electrician,europe,P_009,4
W_0122,Worker_122,safety,europe,P_017,1
W_0123,Worker_123,engineer,europe,P_014,3
W_0124,Worker_124,electrician,europe,P_012,5
W_0125,Worker_125,electrician,europe,P_004,3
W_0126,Worker_126,installer,europe,P_015,4
W_0127,Worker_127,supervisor,europe,P_017,3
W_0128,Worker_128,safety,europe,P_015,1
W_0129,Worker_129,installer,europe,P_001,3
W_0130,Worker_130,electrician,europe,P_001,2
W_0131,Worker_131,supervisor,europe,P_002,2
W_0132,Worker_132,engineer,europe,P_013,3
W_0133,Worker_133,supervisor,europe,P_015,2
W_0134,Worker_134,supervisor,europe,P_009,3
W_0135,Worker_135,electrician,europe,P_017,2
W_0136,Worker_136,installer,europe,P_003,3
W_0137,Worker_137,electrician,europe,P_015,2
W_0138,Worker_138,supervisor,europe,P_019,3
W_0139,Worker_139,installer,europe,P_005,4
W_0140,Worker_140,electrician,europe,P_017,4
W_0141,Worker_141,electrician,europe,P_019,3
W_0142,Worker_142,electrician,europe,P_011,4
W_0143,Worker_143,supervisor,europe,P_018,3
W_0144,Worker_144,safety,europe,P_001,4
W_0145,Worker_145,supervisor,europe,P_019,2
W_0146,Worker_146,engineer,europe,P_019,2
W_0147,Worker_147,supervisor,europe,P_013,3
W_0148,Worker_148,electrician,europe,P_017,3
W_0149,Worker_149,supervisor,europe,P_003,3
W_0150,Worker_150,installer,europe,P_008,4
W_0151,Worker_151,safety,europe,P_002,3
W_0152,Worker_152,electrician,europe,P_004,4
W_0153,Worker_153,installer,europe,P_013,4
W_0154,Worker_154,supervisor,europe,P_010,2
W_0155,Worker_155,electrician,europe,P_004,1
W_0156,Worker_156,electrician,europe,P_009,2
W_0157,Worker_157,electrician,europe,P_010,2
W_0158,Worker_158,engineer,europe,P_009,3
W_0159,Worker_159,engineer,europe,P_003,3
W_0160,Worker_160,engineer,europe,P_010,3
W_0161,Worker_161,engineer,europe,P_007,3
W_0162,Worker_162,engineer,europe,P_019,5
W_0163,Worker_163,electrician,europe,P_017,3
W_0164,Worker_164,safety,europe,P_011,3
W_0165,Worker_165,engineer,europe,P_005,3
W_0166,Worker_166,installer,europe,P_018,2
W_0167,Worker_167,supervisor,europe,P_002,4
W_0168,Worker_168,safety,europe,P_014,3
W_0169,Worker_169,electrician,europe,P_016,2
W_0170,Worker_170,installer,europe,P_018,2
W_0171,Worker_171,installer,europe,P_012,4
W_0172,Worker_172,installer,europe,P_013,4
W_0173,Worker_173,engineer,europe,P_015,2
W_0174,Worker_174,safety,europe,P_011,3
W_0175,Worker_175,engineer,europe,P_009,3
W_0176,Worker_176,safety,europe,P_004,3
W_0177,Worker_177,safety,europe,P_017,2
W_0178,Worker_178,supervisor,europe,P_001,2
W_0179,Worker_179,electrician,europe,P_003,3
W_0180,Worker_180,safety,europe,P_005,2
W_0181,Worker_181,installer,europe,P_001,2
W_0182,Worker_182,electrician,europe,P_007,2
W_0183,Worker_183,safety,europe,P_007,1
W_0184,Worker_184,engineer,europe,P_015,2
W_0185,Worker_185,electrician,europe,P_017,4
W_0186,Worker_186,electrician,europe,P_003,4
W_0187,Worker_187,safety,europe,P_009,5
W_0188,Worker_188,electrician,europe,P_014,2
W_0189,Worker_189,supervisor,europe,P_011,4
W_0190,Worker_190,electrician,europe,P_010,3
W_0191,Worker_191,supervisor,europe,P_013,2
W_0192,Worker_192,supervisor,europe,P_013,4
W_0193,Worker_193,safety,europe,P_018,3
W_0194,Worker_194,safety,europe,P_013,1
W_0195,Worker_195,engineer,europe,P_017,4
W_0196,Worker_196,electrician,europe,P_004,3
W_0197,Worker_197,electrician,europe,P_003,3
W_0198,Worker_198,supervisor,europe,P_011,2
W_0199,Worker_199,electrician,europe,P_019,3
W_0200,Worker_200,installer,europe,P_002,4
W_0201,Worker_201,engineer,europe,P_019,3
W_0202,Worker_202,electrician,europe,P_003,2
W_0203,Worker_203,installer,europe,P_009,3
W_0204,Worker_204,installer,europe,P_011,3
W_0205,Worker_205,safety,europe,P_004,4
W_0206,Worker_206,electrician,europe,P_017,3
W_0207,Worker_207,supervisor,europe,P_011,2
W_0208,Worker_208,safety,europe,P_013,3
W_0209,Worker_209,installer,europe,P_016,3
W_0210,Worker_210,safety,europe,P_003,3
W_0211,Worker_211,installer,europe,P_009,4
W_0212,Worker_212,installer,europe,P_016,2
W_0213,Worker_213,safety,europe,P_004,5
W_0214,Worker_214,installer,europe,P_002,3
W_0215,Worker_215,supervisor,europe,P_018,4
W_0216,Worker_216,electrician,europe,P_009,4
W_0217,Worker_217,electrician,europe,P_017,3
W_0218,Worker_218,electrician,europe,P_013,4
W_0219,Worker_219,installer,europe,P_008,1
W_0220,Worker_220,installer,europe,P_015,4
W_0221,Worker_221,safety,europe,P_018,2
W_0222,Worker_222,installer,europe,P_007,3
W_0223,Worker_223,engineer,europe,P_006,3
W_0224,Worker_224,supervisor,europe,P_015,4
W_0225,Worker_225,engineer,europe,P_014,2
W_0226,Worker_226,electrician,europe,P_016,3
W_0227,Worker_227,safety,europe,P_008,3
W_0228,Worker_228,engineer,europe,P_004,3
W_0229,Worker_229,supervisor,europe,P_017,3
W_0230,Worker_230,engineer,europe,P_019,4
W_0231,Worker_231,supervisor,europe,P_017,1
W_0232,Worker_232,electrician,europe,P_017,3
W_0233,Worker_233,electrician,europe,P_010,5
W_0234,Worker_234,supervisor,europe,P_002,3
W_0235,Worker_235,electrician,europe,P_009,3
W_0236,Worker_236,electrician,europe,P_009,4
W_0237,Worker_237,safety,europe,P_002,3
W_0238,Worker_238,installer,europe,P_008,5
W_0239,Worker_239,supervisor,europe,P_007,3
W_0240,Worker_240,installer,europe,P_004,4
W_0241,Worker_241,supervisor,europe,P_019,3
W_0242,Worker_242,engineer,europe,P_015,4
W_0243,Worker_243,electrician,europe,P_005,3
W_0244,Worker_244,electrician,europe,P_015,5
W_0245,Worker_245,supervisor,europe,P_008,2
W_0246,Worker_246,safety,europe,P_013,5
W_0247,Worker_247,electrician,europe,P_008,2
W_0248,Worker_248,engineer,europe,P_004,4
W_0249,Worker_249,installer,europe,P_006,3
W_0250,Worker_250,engineer,europe,P_001,4
W_0251,Worker_251,electrician,europe,P_007,3
W_0252,Worker_252,electrician,europe,P_005,4
W_0253,Worker_253,installer,europe,P_012,2
W_0254,Worker_254,engineer,europe,P_018,1
W_0255,Worker_255,installer,europe,P_005,2
W_0256,Worker_256,supervisor,europe,P_004,2
W_0257,Worker_257,supervisor,europe,P_005,2
W_0258,Worker_258,supervisor,europe,P_013,2
W_0259,Worker_259,safety,europe,P_018,2
W_0260,Worker_260,safety,europe,P_017,3
W_0261,Worker_261,supervisor,europe,P_016,2
W_0262,Worker_262,supervisor,europe,P_013,2
W_0263,Worker_263,electrician,europe,P_002,3
W_0264,Worker_264,supervisor,europe,P_011,4
W_0265,Worker_265,engineer,europe,P_005,3
W_0266,Worker_266,electrician,europe,P_001,3
W_0267,Worker_267,supervisor,europe,P_015,3
W_0268,Worker_268,installer,europe,P_009,2
W_0269,Worker_269,installer,europe,P_015,3
W_0270,Worker_270,engineer,europe,P_013,2
W_0271,Worker_271,safety,europe,P_005,4
W_0272,Worker_272,supervisor,europe,P_019,4
W_0273,Worker_273,safety,europe,P_014,2
W_0274,Worker_274,engineer,europe,P_003,3
W_0275,Worker_275,engineer,europe,P_016,4
W_0276,Worker_276,installer,europe,P_018,3
W_0277,Worker_277,safety,europe,P_005,3
W_0278,Worker_278,installer,europe,P_009,2
W_0279,Worker_279,supervisor,europe,P_011,5
W_0280,Worker_280,engineer,europe,P_003,2
W_0281,Worker_281,electrician,europe,P_007,2
W_0282,Worker_282,supervisor,europe,P_019,2
W_0283,Worker_283,engineer,europe,P_014,3
W_0284,Worker_284,supervisor,europe,P_008,4
W_0285,Worker_285,supervisor,europe,P_004,3
W_0286,Worker_286,engineer,europe,P_008,3
W_0287,Worker_287,safety,europe,P_001,4
W_0288,Worker_288,installer,europe,P_014,4
W_0289,Worker_289,supervisor,europe,P_018,4
W_0290,Worker_290,supervisor,europe,P_009,1
W_0291,Worker_291,electrician,europe,P_008,4
W_0292,Worker_292,engineer,europe,P_006,3
W_0293,Worker_293,supervisor,europe,P_019,2
W_0294,Worker_294,supervisor,europe,P_015,3
W_0295,Worker_295,safety,europe,P_002,4
W_0296,Worker_296,electrician,europe,P_012,2
W_0297,Worker_297,engineer,europe,P_013,4
W_0298,Worker_298,safety,europe,P_008,3
W_0299,Worker_299,installer,europe,P_016,1
W_0300,Worker_300,installer,europe,P_009,3
W_0301,Worker_301,supervisor,europe,P_014,3
W_0302,Worker_302,supervisor,europe,P_001,3
W_0303,Worker_303,electrician,europe,P_003,3
W_0304,Worker_304,engineer,europe,P_015,3
W_0305,Worker_305,engineer,europe,P_008,5
W_0306,Worker_306,engineer,europe,P_007,3
W_0307,Worker_307,installer,europe,P_003,2
W_0308,Worker_308,safety,europe,P_014,4
W_0309,Worker_309,engineer,europe,P_011,3
W_0310,Worker_310,electrician,europe,P_003,3
W_0311,Worker_311,safety,europe,P_018,3
W_0312,Worker_312,engineer,europe,P_018,4
W_0313,Worker_313,installer,europe,P_008,2
W_0314,Worker_314,electrician,europe,P_018,4
W_0315,Worker_315,engineer,europe,P_011,4
W_0316,Worker_316,electrician,europe,P_005,5
W_0317,Worker_317,supervisor,europe,P_006,3
W_0318,Worker_318,supervisor,europe,P_011,2
W_0319,Worker_319,engineer,europe,P_017,3
W_0320,Worker_320,electrician,europe,P_018,3
W_0321,Worker_321,supervisor,europe,P_007,4
W_0322,Worker_322,electrician,europe,P_003,2
W_0323,Worker_323,safety,europe,P_003,2
W_0324,Worker_324,engineer,europe,P_013,3
W_0325,Worker_325,safety,europe,P_019,5
W_0326,Worker_326,electrician,europe,P_010,4
W_0327,Worker_327,electrician,europe,P_004,4
W_0328,Worker_328,supervisor,europe,P_019,2
W_0329,Worker_329,supervisor,europe,P_014,3
W_0330,Worker_330,engineer,europe,P_013,4
W_0331,Worker_331,electrician,europe,P_017,3
W_0332,Worker_332,safety,europe,P_019,1
W_0333,Worker_333,supervisor,europe,P_010,3
W_0334,Worker_334,installer,europe,P_009,4
W_0335,Worker_335,electrician,europe,P_005,1
W_0336,Worker_336,supervisor,europe,P_018,3
W_0337,Worker_337,safety,europe,P_002,2
W_0338,Worker_338,safety,europe,P_012,4
W_0339,Worker_339,safety,europe,P_019,3
W_0340,Worker_340,electrician,europe,P_014,3
W_0341,Worker_341,electrician,europe,P_013,3
W_0342,Worker_342,supervisor,europe,P_017,3
W_0343,Worker_343,electrician,europe,P_007,5
W_0344,Worker_344,engineer,europe,P_011,2
W_0345,Worker_345,engineer,europe,P_013,3
W_0346,Worker_346,engineer,europe,P_010,3
W_0347,Worker_347,engineer,europe,P_015,3
W_0348,Worker_348,electrician,europe,P_019,5
W_0349,Worker_349,engineer,europe,P_008,4
W_0350,Worker_350,safety,europe,P_005,3
W_0351,Worker_351,supervisor,europe,P_018,4
W_0352,Worker_352,supervisor,europe,P_001,4
W_0353,Worker_353,supervisor,europe,P_016,3
W_0354,Worker_354,engineer,europe,P_012,4
W_0355,Worker_355,electrician,europe,P_012,2
W_0356,Worker_356,electrician,europe,P_012,2
W_0357,Worker_357,electrician,europe,P_009,1
W_0358,Worker_358,safety,europe,P_002,1
W_0359,Worker_359,electrician,europe,P_005,4
W_0360,Worker_360,installer,europe,P_002,3
W_0361,Worker_361,supervisor,europe,P_005,1
W_0362,Worker_362,electrician,europe,P_001,3
W_0363,Worker_363,electrician,europe,P_012,4
W_0364,Worker_364,installer,europe,P_011,2
W_0365,Worker_365,engineer,europe,P_004,3
W_0366,Worker_366,electrician,europe,P_018,5
W_0367,Worker_367,supervisor,europe,P_002,3
W_0368,Worker_368,supervisor,europe,P_015,2
W_0369,Worker_369,safety,europe,P_003,2
W_0370,Worker_370,safety,europe,P_013,1
W_0371,Worker_371,electrician,europe,P_005,4
W_0372,Worker_372,electrician,europe,P_012,2
W_0373,Worker_373,engineer,europe,P_004,2
W_0374,Worker_374,safety,europe,P_009,5
W_0375,Worker_375,installer,europe,P_006,2
W_0376,Worker_376,engineer,europe,P_013,2
W_0377,Worker_377,supervisor,europe,P_018,2
W_0378,Worker_378,installer,europe,P_019,4
W_0379,Worker_379,electrician,europe,P_007,4
W_0380,Worker_380,electrician,europe,P_005,2
W_0381,Worker_381,engineer,europe,P_018,2
W_0382,Worker_382,installer,europe,P_013,3
W_0383,Worker_383,engineer,europe,P_016,3
W_0384,Worker_384,engineer,europe,P_004,3
W_0385,Worker_385,electrician,europe,P_002,4
W_0386,Worker_386,electrician,europe,P_015,2
W_0387,Worker_387,installer,europe,P_017,2
W_0388,Worker_388,supervisor,europe,P_010,4
W_0389,Worker_389,engineer,europe,P_012,3
W_0390,Worker_390,safety,europe,P_011,1
W_0391,Worker_391,safety,europe,P_007,3
W_0392,Worker_392,engineer,europe,P_015,5
W_0393,Worker_393,supervisor,europe,P_014,4
W_0394,Worker_394,supervisor,europe,P_003,2
W_0395,Worker_395,installer,europe,P_002,2
W_0396,Worker_396,installer,europe,P_006,3
W_0397,Worker_397,engineer,europe,P_007,4
W_0398,Worker_398,safety,europe,P_011,1
W_0399,Worker_399,safety,europe,P_003,3
W_0400,Worker_400,electrician,europe,P_004,3
W_0401,Worker_401,electrician,europe,P_008,3
W_0402,Worker_402,electrician,europe,P_012,2
W_0403,Worker_403,electrician,europe,P_019,4
W_0404,Worker_404,installer,europe,P_016,4
W_0405,Worker_405,electrician,europe,P_010,4
W_0406,Worker_406,supervisor,europe,P_011,5
W_0407,Worker_407,safety,europe,P_002,3
W_0408,Worker_408,supervisor,europe,P_019,3
W_0409,Worker_409,engineer,europe,P_011,4
W_0410,Worker_410,installer,europe,P_018,3
W_0411,Worker_411,electrician,europe,P_005,3
W_0412,Worker_412,safety,europe,P_019,3
W_0413,Worker_413,engineer,europe,P_008,4
W_0414,Worker_414,electrician,europe,P_008,3
W_0415,Worker_415,electrician,europe,P_005,4
W_0416,Worker_416,supervisor,europe,P_012,3
W_0417,Worker_417,safety,europe,P_008,4
W_0418,Worker_418,supervisor,europe,P_003,3
W_0419,Worker_419,electrician,europe,P_016,4
W_0420,Worker_420,installer,europe,P_009,2
W_0421,Worker_421,supervisor,europe,P_017,3
W_0422,Worker_422,safety,europe,P_010,2
W_0423,Worker_423,engineer,europe,P_015,3
W_0424,Worker_424,safety,europe,P_016,3
W_0425,Worker_425,supervisor,europe,P_016,3
W_0426,Worker_426,electrician,europe,P_003,4
W_0427,Worker_427,safety,europe,P_001,3
W_0428,Worker_428,engineer,europe,P_012,3
W_0429,Worker_429,safety,europe,P_005,4
W_0430,Worker_430,supervisor,europe,P_013,4
W_0431,Worker_431,installer,europe,P_015,1
W_0432,Worker_432,safety,europe,P_017,2
W_0433,Worker_433,installer,europe,P_011,3
W_0434,Worker_434,supervisor,europe,P_007,3
W_0435,Worker_435,installer,europe,P_015,1
W_0436,Worker_436,engineer,europe,P_002,2
W_0437,Worker_437,installer,europe,P_004,3
W_0438,Worker_438,engineer,europe,P_019,3
W_0439,Worker_439,installer,europe,P_014,3
W_0440,Worker_440,engineer,europe,P_003,3
W_0441,Worker_441,supervisor,europe,P_016,2
W_0442,Worker_442,supervisor,europe,P_013,3
W_0443,Worker_443,supervisor,europe,P_015,1
W_0444,Worker_444,safety,europe,P_004,2
W_0445,Worker_445,electrician,europe,P_013,4
W_0446,Worker_446,electrician,europe,P_007,2
W_0447,Worker_447,safety,europe,P_010,3
W_0448,Worker_448,installer,europe,P_017,3
W_0449,Worker_449,electrician,europe,P_014,2
W_0450,Worker_450,engineer,europe,P_011,4
W_0451,Worker_451,electrician,europe,P_005,4
W_0452,Worker_452,electrician,europe,P_002,2
W_0453,Worker_453,safety,europe,P_012,1
W_0454,Worker_454,safety,europe,P_001,3
W_0455,Worker_455,engineer,europe,P_019,1
W_0456,Worker_456,supervisor,europe,P_002,4
W_0457,Worker_457,installer,europe,P_008,3
W_0458,Worker_458,electrician,europe,P_006,2
W_0459,Worker_459,supervisor,europe,P_019,2
W_0460,Worker_460,safety,europe,P_010,2
W_0461,Worker_461,installer,europe,P_012,2
W_0462,Worker_462,engineer,europe,P_010,1
W_0463,Worker_463,electrician,europe,P_005,4
W_0464,Worker_464,installer,europe,P_013,2
W_0465,Worker_465,engineer,europe,P_014,3
W_0466,Worker_466,safety,europe,P_015,3
W_0467,Worker_467,installer,europe,P_005,4
W_0468,Worker_468,installer,europe,P_001,3
W_0469,Worker_469,supervisor,europe,P_009,3
W_0470,Worker_470,engineer,europe,P_012,3
W_0471,Worker_471,installer,europe,P_007,2
W_0472,Worker_472,installer,europe,P_007,2
W_0473,Worker_473,installer,europe,P_009,3
W_0474,Worker_474,safety,europe,P_015,1
W_0475,Worker_475,engineer,europe,P_015,2
W_0476,Worker_476,installer,europe,P_003,3
W_0477,Worker_477,safety,europe,P_013,5
W_0478,Worker_478,supervisor,europe,P_015,4
W_0479,Worker_479,engineer,europe,P_019,3
W_0480,Worker_480,electrician,europe,P_016,4
W_0481,Worker_481,installer,europe,P_008,2
W_0482,Worker_482,installer,europe,P_019,3
W_0483,Worker_483,installer,europe,P_003,4
W_0484,Worker_484,installer,europe,P_018,2
W_0485,Worker_485,supervisor,europe,P_003,2
W_0486,Worker_486,safety,europe,P_007,3
W_0487,Worker_487,supervisor,europe,P_005,2
W_0488,Worker_488,electrician,europe,P_007,4
W_0489,Worker_489,electrician,europe,P_010,4
W_0490,Worker_490,installer,europe,P_017,2
W_0491,Worker_491,installer,europe,P_009,2
W_0492,Worker_492,supervisor,europe,P_018,4
W_0493,Worker_493,installer,europe,P_007,3
W_0494,Worker_494,installer,europe,P_019,4
W_0495,Worker_495,safety,europe,P_004,3
W_0496,Worker_496,supervisor,europe,P_015,3
W_0497,Worker_497,engineer,europe,P_014,3
W_0498,Worker_498,installer,europe,P_014,5
W_0499,Worker_499,supervisor,europe,P_006,4
W_0500,Worker_500,installer,europe,P_003,2
W_0501,Worker_501,electrician,europe,P_019,3
W_0502,Worker_502,supervisor,europe,P_001,3
W_0503,Worker_503,supervisor,europe,P_011,2
W_0504,Worker_504,installer,europe,P_002,3
W_0505,Worker_505,supervisor,europe,P_008,3
W_0506,Worker_506,electrician,europe,P_009,2
W_0507,Worker_507,engineer,europe,P_019,3
W_0508,Worker_508,engineer,europe,P_016,2
W_0509,Worker_509,supervisor,europe,P_019,3
W_0510,Worker_510,engineer,europe,P_008,2
W_0511,Worker_511,installer,europe,P_016,3
W_0512,Worker_512,electrician,europe,P_014,3
W_0513,Worker_513,electrician,europe,P_003,1
W_0514,Worker_514,safety,europe,P_010,5
W_0515,Worker_515,safety,europe,P_012,3
W_0516,Worker_516,safety,europe,P_008,5
W_0517,Worker_517,electrician,europe,P_018,3
W_0518,Worker_518,supervisor,europe,P_015,4
W_0519,Worker_519,installer,europe,P_015,2
W_0520,Worker_520,safety,europe,P_019,2
W_0521,Worker_521,safety,europe,P_019,3
W_0522,Worker_522,installer,europe,P_004,5
W_0523,Worker_523,engineer,europe,P_017,2
W_0524,Worker_524,electrician,europe,P_015,1
W_0525,Worker_525,electrician,europe,P_011,4
W_0526,Worker_526,safety,europe,P_018,4
W_0527,Worker_527,engineer,europe,P_006,3
W_0528,Worker_528,safety,europe,P_007,5
W_0529,Worker_529,electrician,europe,P_015,5
W_0530,Worker_530,supervisor,europe,P_015,1
W_0531,Worker_531,engineer,europe,P_004,2
W_0532,Worker_532,installer,europe,P_001,3
W_0533,Worker_533,safety,europe,P_019,3
W_0534,Worker_534,installer,europe,P_008,3
W_0535,Worker_535,supervisor,europe,P_006,3
W_0536,Worker_536,engineer,europe,P_003,2
W_0537,Worker_537,electrician,europe,P_002,4
W_0538,Worker_538,safety,europe,P_015,4
W_0539,Worker_539,electrician,europe,P_016,4
W_0540,Worker_540,engineer,europe,P_007,2
W_0541,Worker_541,installer,europe,P_011,3
W_0542,Worker_542,installer,europe,P_005,3
W_0543,Worker_543,safety,europe,P_003,2
W_0544,Worker_544,electrician,europe,P_005,3
W_0545,Worker_545,engineer,europe,P_009,2
W_0546,Worker_546,installer,europe,P_006,2
W_0547,Worker_547,engineer,europe,P_014,4
W_0548,Worker_548,engineer,europe,P_005,3
W_0549,Worker_549,electrician,europe,P_014,2
W_0550,Worker_550,installer,europe,P_014,4
W_0551,Worker_551,supervisor,europe,P_008,4
W_0552,Worker_552,installer,europe,P_015,1
W_0553,Worker_553,engineer,europe,P_015,3
W_0554,Worker_554,electrician,europe,P_008,3
W_0555,Worker_555,engineer,europe,P_012,3
W_0556,Worker_556,engineer,europe,P_006,3
W_0557,Worker_557,safety,europe,P_007,1
W_0558,Worker_558,supervisor,europe,P_006,5
W_0559,Worker_559,safety,europe,P_001,3
W_0560,Worker_560,installer,europe,P_016,3
W_0561,Worker_561,safety,europe,P_009,3
W_0562,Worker_562,safety,europe,P_008,2
W_0563,Worker_563,engineer,europe,P_001,4
W_0564,Worker_564,electrician,europe,P_010,3
W_0565,Worker_565,safety,europe,P_012,3
W_0566,Worker_566,supervisor,europe,P_010,3
W_0567,Worker_567,engineer,europe,P_014,3
W_0568,Worker_568,engineer,europe,P_012,5
W_0569,Worker_569,safety,europe,P_016,4
W_0570,Worker_570,engineer,europe,P_019,3
W_0571,Worker_571,installer,europe,P_002,2
W_0572,Worker_572,engineer,europe,P_004,4
W_0573,Worker_573,installer,europe,P_006,3
W_0574,Worker_574,safety,europe,P_009,2
W_0575,Worker_575,electrician,europe,P_001,1
W_0576,Worker_576,supervisor,europe,P_012,4
W_0577,Worker_577,supervisor,europe,P_006,4
W_0578,Worker_578,electrician,europe,P_002,2
W_0579,Worker_579,installer,europe,P_005,2
W_0580,Worker_580,electrician,europe,P_014,3
W_0581,Worker_581,installer,europe,P_008,3
W_0582,Worker_582,engineer,europe,P_004,1
W_0583,Worker_583,installer,europe,P_010,2
W_0584,Worker_584,safety,europe,P_003,3
W_0585,Worker_585,engineer,europe,P_012,2
W_0586,Worker_586,installer,europe,P_006,4
W_0587,Worker_587,supervisor,europe,P_003,3
W_0588,Worker_588,safety,europe,P_001,3
W_0589,Worker_589,electrician,europe,P_019,3
W_0590,Worker_590,supervisor,europe,P_001,2
W_0591,Worker_591,installer,europe,P_003,4
W_0592,Worker_592,engineer,europe,P_006,2
W_0593,Worker_593,safety,europe,P_003,4
W_0594,Worker_594,engineer,europe,P_001,5
W_0595,Worker_595,supervisor,europe,P_007,3
W_0596,Worker_596,supervisor,europe,P_006,4
W_0597,Worker_597,installer,europe,P_010,2
W_0598,Worker_598,electrician,europe,P_015,3
W_0599,Worker_599,installer,europe,P_008,3
W_0600,Worker_600,safety,europe,P_001,4
W_0601,Worker_601,engineer,europe,P_010,1
W_0602,Worker_602,electrician,europe,P_008,4
W_0603,Worker_603,electrician,europe,P_013,2
W_0604,Worker_604,supervisor,europe,P_001,3
W_0605,Worker_605,supervisor,europe,P_017,5
W_0606,Worker_606,installer,europe,P_012,4
W_0607,Worker_607,supervisor,europe,P_001,3
W_0608,Worker_608,engineer,europe,P_003,3
W_0609,Worker_609,installer,europe,P_013,4
W_0610,Worker_610,installer,europe,P_015,4
W_0611,Worker_611,engineer,europe,P_007,3
W_0612,Worker_612,safety,europe,P_009,3
W_0613,Worker_613,installer,europe,P_013,3
W_0614,Worker_614,installer,europe,P_013,3
W_0615,Worker_615,installer,europe,P_015,2
W_0616,Worker_616,electrician,europe,P_002,4
W_0617,Worker_617,installer,na,P_021,2
W_0618,Worker_618,supervisor,na,P_030,4
W_0619,Worker_619,safety,na,P_021,3
W_0620,Worker_620,installer,na,P_034,4
W_0621,Worker_621,electrician,na,P_024,3
W_0622,Worker_622,safety,na,P_033,3
W_0623,Worker_623,installer,na,P_030,3
W_0624,Worker_624,engineer,na,P_034,3
W_0625,Worker_625,engineer,na,P_033,5
W_0626,Worker_626,electrician,na,P_025,5
W_0627,Worker_627,electrician,na,P_024,5
W_0628,Worker_628,electrician,na,P_028,3
W_0629,Worker_629,electrician,na,P_030,2
W_0630,Worker_630,supervisor,na,P_027,4
W_0631,Worker_631,engineer,na,P_027,3
W_0632,Worker_632,supervisor,na,P_022,4
W_0633,Worker_633,supervisor,na,P_030,2
W_0634,Worker_634,supervisor,na,P_031,3
W_0635,Worker_635,electrician,na,P_023,4
W_0636,Worker_636,safety,na,P_027,3
W_0637,Worker_637,installer,na,P_029,3
W_0638,Worker_638,supervisor,na,P_024,2
W_0639,Worker_639,electrician,na,P_027,2
W_0640,Worker_640,engineer,na,P_033,3
W_0641,Worker_641,safety,na,P_022,3
W_0642,Worker_642,installer,na,P_034,4
W_0643,Worker_643,safety,na,P_027,1
W_0644,Worker_644,safety,na,P_033,3
W_0645,Worker_645,electrician,na,P_026,2
W_0646,Worker_646,engineer,na,P_023,3
W_0647,Worker_647,engineer,na,P_031,1
W_0648,Worker_648,installer,na,P_030,2
W_0649,Worker_649,supervisor,na,P_026,4
W_0650,Worker_650,supervisor,na,P_029,2
W_0651,Worker_651,electrician,na,P_031,4
W_0652,Worker_652,engineer,na,P_022,4
W_0653,Worker_653,supervisor,na,P_035,3
W_0654,Worker_654,installer,na,P_029,4
W_0655,Worker_655,installer,na,P_024,3
W_0656,Worker_656,safety,na,P_028,4
W_0657,Worker_657,electrician,na,P_024,2
W_0658,Worker_658,installer,na,P_024,4
W_0659,Worker_659,electrician,na,P_024,1
W_0660,Worker_660,installer,na,P_032,2
W_0661,Worker_661,electrician,na,P_033,2
W_0662,Worker_662,installer,na,P_029,2
W_0663,Worker_663,safety,na,P_033,3
W_0664,Worker_664,installer,na,P_025,3
W_0665,Worker_665,safety,na,P_020,4
W_0666,Worker_666,installer,na,P_029,4
W_0667,Worker_667,engineer,na,P_031,1
W_0668,Worker_668,engineer,na,P_028,4
W_0669,Worker_669,electrician,na,P_035,3
W_0670,Worker_670,engineer,na,P_027,5
W_0671,Worker_671,safety,na,P_021,2
W_0672,Worker_672,electrician,na,P_035,1
W_0673,Worker_673,engineer,na,P_029,4
W_0674,Worker_674,engineer,na,P_029,4
W_0675,Worker_675,installer,na,P_023,2
W_0676,Worker_676,engineer,na,P_020,2
W_0677,Worker_677,supervisor,na,P_028,4
W_0678,Worker_678,supervisor,na,P_026,3
W_0679,Worker_679,installer,na,P_027,3
W_0680,Worker_680,safety,na,P_026,3
W_0681,Worker_681,supervisor,na,P_027,3
W_0682,Worker_682,supervisor,na,P_024,2
W_0683,Worker_683,engineer,na,P_027,4
W_0684,Worker_684,engineer,na,P_034,4
W_0685,Worker_685,engineer,na,P_033,3
W_0686,Worker_686,electrician,na,P_021,4
W_0687,Worker_687,safety,na,P_035,5
W_0688,Worker_688,installer,na,P_024,2
W_0689,Worker_689,electrician,na,P_022,3
W_0690,Worker_690,engineer,na,P_034,3
W_0691,Worker_691,engineer,na,P_029,4
W_0692,Worker_692,engineer,na,P_030,2
W_0693,Worker_693,electrician,na,P_031,4
W_0694,Worker_694,installer,na,P_022,3
W_0695,Worker_695,installer,na,P_026,2
W_0696,Worker_696,engineer,na,P_021,3
W_0697,Worker_697,engineer,na,P_022,2
W_0698,Worker_698,supervisor,na,P_021,3
W_0699,Worker_699,engineer,na,P_020,3
W_0700,Worker_700,electrician,na,P_033,1
W_0701,Worker_701,installer,na,P_024,3
W_0702,Worker_702,installer,na,P_022,3
W_0703,Worker_703,supervisor,na,P_023,4
W_0704,Worker_704,electrician,na,P_035,4
W_0705,Worker_705,electrician,na,P_032,2
W_0706,Worker_706,engineer,na,P_032,3
W_0707,Worker_707,engineer,na,P_028,3
W_0708,Worker_708,installer,na,P_022,3
W_0709,Worker_709,installer,na,P_035,2
W_0710,Worker_710,engineer,na,P_029,3
W_0711,Worker_711,safety,na,P_031,3
W_0712,Worker_712,safety,na,P_029,2
W_0713,Worker_713,safety,na,P_030,4
W_0714,Worker_714,supervisor,na,P_029,3
W_0715,Worker_715,safety,na,P_035,4
W_0716,Worker_716,supervisor,na,P_026,3
W_0717,Worker_717,electrician,na,P_028,5
W_0718,Worker_718,electrician,na,P_031,3
W_0719,Worker_719,supervisor,na,P_033,4
W_0720,Worker_720,installer,na,P_030,4
W_0721,Worker_721,installer,na,P_021,3
W_0722,Worker_722,safety,na,P_021,3
W_0723,Worker_723,installer,na,P_028,2
W_0724,Worker_724,safety,na,P_022,5
W_0725,Worker_725,installer,na,P_030,3
W_0726,Worker_726,safety,na,P_025,2
W_0727,Worker_727,safety,na,P_033,4
W_0728,Worker_728,installer,na,P_030,3
W_0729,Worker_729,supervisor,na,P_032,4
W_0730,Worker_730,safety,na,P_032,1
W_0731,Worker_731,installer,na,P_028,4
W_0732,Worker_732,engineer,na,P_025,3
W_0733,Worker_733,safety,na,P_030,2
W_0734,Worker_734,installer,na,P_028,3
W_0735,Worker_735,safety,na,P_022,5
W_0736,Worker_736,installer,na,P_031,2
W_0737,Worker_737,engineer,na,P_024,2
W_0738,Worker_738,installer,na,P_035,3
W_0739,Worker_739,safety,na,P_032,3
W_0740,Worker_740,engineer,na,P_026,4
W_0741,Worker_741,safety,na,P_022,3
W_0742,Worker_742,electrician,na,P_022,3
W_0743,Worker_743,engineer,na,P_032,3
W_0744,Worker_744,installer,na,P_034,5
W_0745,Worker_745,engineer,na,P_021,4
W_0746,Worker_746,safety,na,P_023,3
W_0747,Worker_747,engineer,na,P_033,3
W_0748,Worker_748,engineer,na,P_025,3
W_0749,Worker_749,engineer,na,P_020,4
W_0750,Worker_750,installer,na,P_026,2
W_0751,Worker_751,safety,na,P_023,4
W_0752,Worker_752,installer,na,P_024,3
W_0753,Worker_753,engineer,na,P_023,3
W_0754,Worker_754,installer,na,P_023,5
W_0755,Worker_755,installer,na,P_026,4
W_0756,Worker_756,electrician,na,P_030,3
W_0757,Worker_757,installer,na,P_025,3
W_0758,Worker_758,engineer,na,P_033,4
W_0759,Worker_759,supervisor,na,P_035,4
W_0760,Worker_760,electrician,na,P_030,1
W_0761,Worker_761,electrician,na,P_033,1
W_0762,Worker_762,safety,na,P_033,3
W_0763,Worker_763,electrician,na,P_025,3
W_0764,Worker_764,electrician,na,P_031,3
W_0765,Worker_765,engineer,na,P_025,3
W_0766,Worker_766,engineer,na,P_026,4
W_0767,Worker_767,safety,na,P_022,4
W_0768,Worker_768,supervisor,na,P_028,1
W_0769,Worker_769,electrician,na,P_032,1
W_0770,Worker_770,safety,na,P_032,3
W_0771,Worker_771,safety,na,P_032,4
W_0772,Worker_772,safety,na,P_025,2
W_0773,Worker_773,installer,na,P_034,1
W_0774,Worker_774,engineer,na,P_030,3
W_0775,Worker_775,supervisor,na,P_028,3
W_0776,Worker_776,engineer,na,P_034,3
W_0777,Worker_777,supervisor,na,P_030,4
W_0778,Worker_778,engineer,na,P_029,3
W_0779,Worker_779,supervisor,na,P_034,2
W_0780,Worker_780,engineer,na,P_025,2
W_0781,Worker_781,installer,na,P_033,3
W_0782,Worker_782,supervisor,na,P_030,3
W_0783,Worker_783,engineer,na,P_027,1
W_0784,Worker_784,supervisor,na,P_023,3
W_0785,Worker_785,electrician,na,P_025,2
W_0786,Worker_786,electrician,na,P_028,3
W_0787,Worker_787,engineer,na,P_027,2
W_0788,Worker_788,engineer,na,P_027,5
W_0789,Worker_789,electrician,na,P_027,4
W_0790,Worker_790,engineer,na,P_025,5
W_0791,Worker_791,supervisor,na,P_026,3
W_0792,Worker_792,engineer,na,P_033,4
W_0793,Worker_793,electrician,na,P_029,3
W_0794,Worker_794,supervisor,na,P_034,2
W_0795,Worker_795,safety,na,P_034,3
W_0796,Worker_796,supervisor,na,P_024,4
W_0797,Worker_797,electrician,na,P_029,2
W_0798,Worker_798,electrician,na,P_022,4
W_0799,Worker_799,supervisor,na,P_031,3
W_0800,Worker_800,safety,na,P_031,4
W_0801,Worker_801,installer,na,P_030,3
W_0802,Worker_802,safety,na,P_021,1
W_0803,Worker_803,installer,na,P_026,3
W_0804,Worker_804,installer,na,P_033,4
W_0805,Worker_805,supervisor,na,P_027,3
W_0806,Worker_806,supervisor,na,P_027,3
W_0807,Worker_807,engineer,na,P_024,3
W_0808,Worker_808,engineer,na,P_035,1
W_0809,Worker_809,engineer,na,P_025,4
W_0810,Worker_810,safety,na,P_021,1
W_0811,Worker_811,installer,na,P_029,4
W_0812,Worker_812,engineer,na,P_029,3
W_0813,Worker_813,installer,na,P_021,3
W_0814,Worker_814,installer,na,P_028,1
W_0815,Worker_815,engineer,na,P_020,4
W_0816,Worker_816,engineer,na,P_023,4
W_0817,Worker_817,electrician,na,P_027,4
W_0818,Worker_818,engineer,na,P_025,1
W_0819,Worker_819,supervisor,na,P_026,2
W_0820,Worker_820,electrician,na,P_031,3
W_0821,Worker_821,safety,na,P_021,4
W_0822,Worker_822,safety,na,P_025,2
W_0823,Worker_823,supervisor,na,P_028,2
W_0824,Worker_824,installer,na,P_024,3
W_0825,Worker_825,installer,na,P_027,5
W_0826,Worker_826,supervisor,na,P_023,2
W_0827,Worker_827,safety,na,P_031,3
W_0828,Worker_828,installer,na,P_033,3
W_0829,Worker_829,supervisor,na,P_028,3
W_0830,Worker_830,engineer,na,P_029,4
W_0831,Worker_831,electrician,na,P_031,3
W_0832,Worker_832,safety,na,P_028,5
W_0833,Worker_833,supervisor,na,P_030,3
W_0834,Worker_834,electrician,na,P_030,4
W_0835,Worker_835,engineer,na,P_032,3
W_0836,Worker_836,safety,na,P_028,2
W_0837,Worker_837,supervisor,na,P_022,3
W_0838,Worker_838,engineer,na,P_024,4
W_0839,Worker_839,supervisor,na,P_028,2
W_0840,Worker_840,safety,na,P_030,4
W_0841,Worker_841,safety,na,P_021,3
W_0842,Worker_842,safety,na,P_033,2
W_0843,Worker_843,electrician,na,P_023,5
W_0844,Worker_844,supervisor,na,P_029,2
W_0845,Worker_845,electrician,na,P_035,3
W_0846,Worker_846,safety,na,P_030,4
W_0847,Worker_847,supervisor,na,P_026,3
W_0848,Worker_848,safety,na,P_027,2
W_0849,Worker_849,electrician,na,P_028,2
W_0850,Worker_850,engineer,na,P_032,5
W_0851,Worker_851,engineer,na,P_023,4
W_0852,Worker_852,supervisor,na,P_033,4
W_0853,Worker_853,installer,na,P_023,3
W_0854,Worker_854,engineer,na,P_021,3
W_0855,Worker_855,installer,na,P_025,3
W_0856,Worker_856,electrician,na,P_021,3
W_0857,Worker_857,installer,na,P_022,1
W_0858,Worker_858,electrician,na,P_023,4
W_0859,Worker_859,electrician,na,P_022,3
W_0860,Worker_860,electrician,na,P_029,2
W_0861,Worker_861,engineer,na,P_026,3
W_0862,Worker_862,installer,na,P_027,3
W_0863,Worker_863,safety,na,P_030,4
W_0864,Worker_864,electrician,na,P_025,3
W_0865,Worker_865,electrician,na,P_020,2
W_0866,Worker_866,engineer,na,P_022,3
W_0867,Worker_867,supervisor,na,P_029,4
W_0868,Worker_868,electrician,na,P_030,4
W_0869,Worker_869,electrician,na,P_026,4
W_0870,Worker_870,electrician,na,P_035,4
W_0871,Worker_871,supervisor,na,P_027,4
W_0872,Worker_872,engineer,na,P_027,2
W_0873,Worker_873,safety,na,P_021,4
W_0874,Worker_874,electrician,na,P_034,4
W_0875,Worker_875,safety,na,P_025,4
W_0876,Worker_876,safety,na,P_021,2
W_0877,Worker_877,installer,na,P_028,3
W_0878,Worker_878,installer,na,P_022,2
W_0879,Worker_879,supervisor,na,P_035,3
W_0880,Worker_880,safety,na,P_021,3
W_0881,Worker_881,safety,na,P_035,3
W_0882,Worker_882,engineer,na,P_022,3
W_0883,Worker_883,engineer,na,P_031,2
W_0884,Worker_884,installer,na,P_027,2
W_0885,Worker_885,safety,na,P_031,4
W_0886,Worker_886,safety,na,P_028,4
W_0887,Worker_887,safety,na,P_030,3
W_0888,Worker_888,safety,na,P_021,4
W_0889,Worker_889,safety,na,P_031,3
W_0890,Worker_890,installer,na,P_023,4
W_0891,Worker_891,installer,na,P_020,4
W_0892,Worker_892,supervisor,na,P_034,5
W_0893,Worker_893,safety,na,P_027,3
W_0894,Worker_894,safety,na,P_031,4
W_0895,Worker_895,electrician,na,P_026,3
W_0896,Worker_896,supervisor,na,P_032,3
W_0897,Worker_897,engineer,na,P_033,3
W_0898,Worker_898,electrician,na,P_025,5
W_0899,Worker_899,electrician,na,P_031,3
W_0900,Worker_900,supervisor,na,P_020,4
W_0901,Worker_901,safety,na,P_024,5
W_0902,Worker_902,installer,na,P_034,4
W_0903,Worker_903,installer,na,P_023,4
W_0904,Worker_904,safety,na,P_031,3
W_0905,Worker_905,engineer,na,P_024,3
W_0906,Worker_906,installer,na,P_033,3
W_0907,Worker_907,electrician,na,P_024,5
W_0908,Worker_908,supervisor,na,P_020,2
W_0909,Worker_909,electrician,na,P_025,3
W_0910,Worker_910,safety,na,P_026,4
W_0911,Worker_911,installer,na,P_021,4
W_0912,Worker_912,safety,na,P_031,3
W_0913,Worker_913,engineer,na,P_034,1
W_0914,Worker_914,installer,na,P_021,2
W_0915,Worker_915,installer,na,P_021,3
W_0916,Worker_916,supervisor,na,P_035,1
W_0917,Worker_917,installer,na,P_028,4
W_0918,Worker_918,supervisor,na,P_033,4
W_0919,Worker_919,electrician,na,P_030,4
W_0920,Worker_920,installer,na,P_020,4
W_0921,Worker_921,engineer,na,P_022,1
W_0922,Worker_922,safety,na,P_020,1
W_0923,Worker_923,supervisor,na,P_026,3
W_0924,Worker_924,installer,na,P_031,2
W_0925,Worker_925,installer,na,P_024,2
W_0926,Worker_926,safety,na,P_034,3
W_0927,Worker_927,safety,na,P_020,5
W_0928,Worker_928,installer,na,P_034,5
W_0929,Worker_929,engineer,na,P_028,2
W_0930,Worker_930,electrician,na,P_023,3
W_0931,Worker_931,safety,na,P_021,3
W_0932,Worker_932,engineer,na,P_030,3
W_0933,Worker_933,installer,na,P_027,4
W_0934,Worker_934,installer,na,P_028,3
W_0935,Worker_935,electrician,na,P_022,2
W_0936,Worker_936,electrician,na,P_023,2
W_0937,Worker_937,electrician,na,P_035,3
W_0938,Worker_938,supervisor,na,P_021,1
W_0939,Worker_939,electrician,na,P_024,3
W_0940,Worker_940,engineer,na,P_024,3
W_0941,Worker_941,electrician,na,P_024,1
W_0942,Worker_942,safety,na,P_033,3
W_0943,Worker_943,installer,na,P_031,2
W_0944,Worker_944,installer,na,P_032,3
W_0945,Worker_945,installer,na,P_024,3
W_0946,Worker_946,engineer,na,P_026,3
W_0947,Worker_947,engineer,na,P_031,4
W_0948,Worker_948,safety,na,P_032,1
W_0949,Worker_949,safety,na,P_023,2
W_0950,Worker_950,electrician,na,P_033,3
W_0951,Worker_951,supervisor,na,P_028,1
W_0952,Worker_952,supervisor,na,P_024,4
W_0953,Worker_953,installer,na,P_022,2
W_0954,Worker_954,engineer,na,P_034,4
W_0955,Worker_955,electrician,na,P_024,4
W_0956,Worker_956,safety,na,P_030,3
W_0957,Worker_957,engineer,na,P_020,3
W_0958,Worker_958,engineer,na,P_026,2
W_0959,Worker_959,supervisor,na,P_032,3
W_0960,Worker_960,supervisor,na,P_023,4
W_0961,Worker_961,safety,na,P_029,3
W_0962,Worker_962,electrician,na,P_035,4
W_0963,Worker_963,supervisor,na,P_035,3
W_0964,Worker_964,supervisor,na,P_029,3
W_0965,Worker_965,engineer,na,P_021,2
W_0966,Worker_966,engineer,na,P_022,5
W_0967,Worker_967,electrician,na,P_032,2
W_0968,Worker_968,engineer,na,P_023,4
W_0969,Worker_969,installer,na,P_028,4
W_0970,Worker_970,supervisor,na,P_021,4
W_0971,Worker_971,supervisor,na,P_029,2
W_0972,Worker_972,installer,na,P_035,2
W_0973,Worker_973,safety,na,P_026,3
W_0974,Worker_974,supervisor,na,P_027,4
W_0975,Worker_975,installer,na,P_033,2
W_0976,Worker_976,engineer,na,P_021,3
W_0977,Worker_977,electrician,na,P_022,2
W_0978,Worker_978,safety,na,P_027,3
W_0979,Worker_979,engineer,na,P_030,3
W_0980,Worker_980,supervisor,na,P_024,5
W_0981,Worker_981,installer,na,P_025,4
W_0982,Worker_982,engineer,na,P_028,2
W_0983,Worker_983,supervisor,na,P_034,2
W_0984,Worker_984,electrician,na,P_020,4
W_0985,Worker_985,installer,na,P_030,3
W_0986,Worker_986,installer,na,P_022,5
W_0987,Worker_987,electrician,na,P_027,5
W_0988,Worker_988,supervisor,na,P_035,2
W_0989,Worker_989,supervisor,na,P_033,3
W_0990,Worker_990,electrician,na,P_021,2
W_0991,Worker_991,installer,na,P_033,4
W_0992,Worker_992,engineer,na,P_027,5
W_0993,Worker_993,supervisor,na,P_020,3
W_0994,Worker_994,installer,na,P_022,3
W_0995,Worker_995,engineer,na,P_028,3
W_0996,Worker_996,installer,na,P_030,4
W_0997,Worker_997,safety,na,P_023,4
W_0998,Worker_998,electrician,na,P_022,3
W_0999,Worker_999,electrician,na,P_025,2
W_1000,Worker_1000,electrician,na,P_029,3
W_1001,Worker_1001,safety,na,P_033,3
W_1002,Worker_1002,installer,na,P_031,4
W_1003,Worker_1003,electrician,na,P_027,3
W_1004,Worker_1004,installer,na,P_027,3
W_1005,Worker_1005,engineer,na,P_025,3
W_1006,Worker_1006,safety,na,P_022,2
W_1007,Worker_1007,safety,na,P_022,3
W_1008,Worker_1008,installer,na,P_021,5
W_1009,Worker_1009,electrician,na,P_033,4
W_1010,Worker_1010,installer,na,P_026,3
W_1011,Worker_1011,engineer,na,P_030,4
W_1012,Worker_1012,engineer,na,P_026,4
W_1013,Worker_1013,engineer,na,P_032,3
W_1014,Worker_1014,electrician,na,P_035,4
W_1015,Worker_1015,safety,na,P_032,4
W_1016,Worker_1016,supervisor,na,P_024,2
W_1017,Worker_1017,electrician,na,P_028,3
W_1018,Worker_1018,engineer,na,P_033,5
W_1019,Worker_1019,safety,na,P_030,5
W_1020,Worker_1020,installer,na,P_025,4
W_1021,Worker_1021,safety,na,P_032,2
W_1022,Worker_1022,electrician,na,P_033,1
W_1023,Worker_1023,electrician,na,P_025,2
W_1024,Worker_1024,engineer,na,P_021,2
W_1025,Worker_1025,engineer,na,P_021,5
W_1026,Worker_1026,electrician,na,P_033,1
W_1027,Worker_1027,installer,na,P_020,2
W_1028,Worker_1028,safety,na,P_022,3
W_1029,Worker_1029,engineer,na,P_021,3
W_1030,Worker_1030,supervisor,na,P_034,5
W_1031,Worker_1031,supervisor,na,P_035,4
W_1032,Worker_1032,electrician,na,P_031,3
W_1033,Worker_1033,safety,na,P_029,4
W_1034,Worker_1034,supervisor,na,P_033,3
W_1035,Worker_1035,safety,na,P_024,5
W_1036,Worker_1036,supervisor,na,P_024,2
W_1037,Worker_1037,supervisor,na,P_033,1
W_1038,Worker_1038,engineer,na,P_024,3
W_1039,Worker_1039,supervisor,na,P_027,1
W_1040,Worker_1040,installer,na,P_028,4
W_1041,Worker_1041,safety,na,P_021,3
W_1042,Worker_1042,safety,na,P_026,5
W_1043,Worker_1043,electrician,na,P_035,3
W_1044,Worker_1044,safety,na,P_028,2
W_1045,Worker_1045,supervisor,na,P_034,4
W_1046,Worker_1046,engineer,na,P_021,3
W_1047,Worker_1047,engineer,na,P_032,4
W_1048,Worker_1048,electrician,na,P_021,2
W_1049,Worker_1049,supervisor,na,P_029,4
W_1050,Worker_1050,electrician,na,P_034,3
W_1051,Worker_1051,supervisor,na,P_035,3
W_1052,Worker_1052,safety,na,P_030,4
W_1053,Worker_1053,supervisor,na,P_026,4
W_1054,Worker_1054,supervisor,na,P_024,2
W_1055,Worker_1055,safety,na,P_033,4
W_1056,Worker_1056,electrician,na,P_025,4
W_1057,Worker_1057,electrician,na,P_024,3
W_1058,Worker_1058,electrician,na,P_028,4
W_1059,Worker_1059,engineer,na,P_025,4
W_1060,Worker_1060,engineer,na,P_029,3
W_1061,Worker_1061,installer,na,P_028,3
W_1062,Worker_1062,electrician,na,P_034,3
W_1063,Worker_1063,safety,na,P_026,2
W_1064,Worker_1064,installer,na,P_035,3
W_1065,Worker_1065,electrician,na,P_026,3
W_1066,Worker_1066,engineer,na,P_027,3
W_1067,Worker_1067,engineer,na,P_020,3
W_1068,Worker_1068,supervisor,na,P_034,2
W_1069,Worker_1069,installer,na,P_021,4
W_1070,Worker_1070,installer,na,P_022,3
W_1071,Worker_1071,installer,na,P_030,5
W_1072,Worker_1072,safety,na,P_027,2
W_1073,Worker_1073,engineer,na,P_026,5
W_1074,Worker_1074,installer,na,P_028,3
W_1075,Worker_1075,supervisor,na,P_028,4
W_1076,Worker_1076,supervisor,na,P_021,3
W_1077,Worker_1077,supervisor,na,P_021,2
W_1078,Worker_1078,safety,na,P_021,2
W_1079,Worker_1079,electrician,na,P_031,2
W_1080,Worker_1080,engineer,na,P_024,3
W_1081,Worker_1081,installer,na,P_024,3
W_1082,Worker_1082,installer,na,P_022,3
W_1083,Worker_1083,supervisor,na,P_034,3
W_1084,Worker_1084,supervisor,na,P_025,3
W_1085,Worker_1085,installer,na,P_028,4
W_1086,Worker_1086,supervisor,na,P_021,3
W_1087,Worker_1087,supervisor,na,P_033,4
W_1088,Worker_1088,safety,na,P_031,4
W_1089,Worker_1089,supervisor,na,P_030,4
W_1090,Worker_1090,safety,na,P_033,4
W_1091,Worker_1091,electrician,na,P_023,3
W_1092,Worker_1092,engineer,na,P_020,4
W_1093,Worker_1093,engineer,na,P_021,3
W_1094,Worker_1094,electrician,na,P_034,2
W_1095,Worker_1095,supervisor,na,P_024,3
W_1096,Worker_1096,engineer,na,P_031,2
W_1097,Worker_1097,supervisor,na,P_032,2
W_1098,Worker_1098,supervisor,na,P_034,4
W_1099,Worker_1099,electrician,na,P_025,5
W_1100,Worker_1100,engineer,na,P_020,3
W_1101,Worker_1101,supervisor,na,P_025,4
W_1102,Worker_1102,electrician,na,P_029,1
W_1103,Worker_1103,safety,na,P_032,1
W_1104,Worker_1104,supervisor,na,P_032,4
W_1105,Worker_1105,safety,na,P_029,4
W_1106,Worker_1106,installer,na,P_024,3
W_1107,Worker_1107,supervisor,na,P_026,5
W_1108,Worker_1108,electrician,na,P_021,3
W_1109,Worker_1109,supervisor,na,P_032,2
W_1110,Worker_1110,engineer,na,P_031,2
W_1111,Worker_1111,safety,na,P_020,3
W_1112,Worker_1112,engineer,na,P_024,3
W_1113,Worker_1113,safety,na,P_030,3
W_1114,Worker_1114,engineer,na,P_029,4
W_1115,Worker_1115,installer,na,P_021,4
W_1116,Worker_1116,installer,na,P_024,3
W_1117,Worker_1117,supervisor,na,P_023,1
W_1118,Worker_1118,supervisor,na,P_021,3
W_1119,Worker_1119,electrician,na,P_028,4
W_1120,Worker_1120,safety,na,P_023,3
W_1121,Worker_1121,installer,na,P_024,4
W_1122,Worker_1122,installer,na,P_034,2
W_1123,Worker_1123,supervisor,na,P_020,3
W_1124,Worker_1124,installer,na,P_023,4
W_1125,Worker_1125,engineer,na,P_020,3
W_1126,Worker_1126,supervisor,na,P_034,5
W_1127,Worker_1127,engineer,na,P_025,5
W_1128,Worker_1128,electrician,na,P_023,4
W_1129,Worker_1129,supervisor,na,P_034,4
W_1130,Worker_1130,electrician,na,P_022,4
W_1131,Worker_1131,safety,na,P_024,3
W_1132,Worker_1132,installer,na,P_023,3
W_1133,Worker_1133,installer,na,P_026,3
W_1134,Worker_1134,safety,na,P_032,2
W_1135,Worker_1135,installer,na,P_028,5
W_1136,Worker_1136,installer,na,P_035,5
W_1137,Worker_1137,supervisor,na,P_034,3
W_1138,Worker_1138,engineer,na,P_022,3
W_1139,Worker_1139,electrician,na,P_031,4
W_1140,Worker_1140,supervisor,na,P_021,3
W_1141,Worker_1141,safety,na,P_020,2
W_1142,Worker_1142,supervisor,na,P_035,2
W_1143,Worker_1143,electrician,na,P_025,5
W_1144,Worker_1144,electrician,na,P_034,1
W_1145,Worker_1145,installer,na,P_022,3
W_1146,Worker_1146,electrician,na,P_031,2
W_1147,Worker_1147,installer,na,P_030,3
W_1148,Worker_1148,electrician,na,P_027,3
W_1149,Worker_1149,electrician,na,P_028,2
W_1150,Worker_1150,safety,na,P_034,4
W_1151,Worker_1151,engineer,na,P_032,2
W_1152,Worker_1152,supervisor,na,P_032,2
W_1153,Worker_1153,safety,na,P_020,4
W_1154,Worker_1154,supervisor,na,P_024,3
W_1155,Worker_1155,engineer,na,P_023,2
W_1156,Worker_1156,engineer,na,P_035,4
W_1157,Worker_1157,engineer,na,P_020,2
W_1158,Worker_1158,safety,na,P_035,1
W_1159,Worker_1159,engineer,na,P_023,4
W_1160,Worker_1160,installer,na,P_031,5
W_1161,Worker_1161,electrician,na,P_020,3
W_1162,Worker_1162,safety,na,P_025,1
W_1163,Worker_1163,supervisor,na,P_031,3
W_1164,Worker_1164,engineer,na,P_024,4
W_1165,Worker_1165,safety,na,P_034,4
W_1166,Worker_1166,electrician,na,P_021,2
W_1167,Worker_1167,electrician,na,P_033,3
W_1168,Worker_1168,installer,na,P_026,3
W_1169,Worker_1169,installer,na,P_021,4
W_1170,Worker_1170,installer,na,P_021,4
W_1171,Worker_1171,electrician,na,P_024,4
W_1172,Worker_1172,installer,na,P_026,4
W_1173,Worker_1173,electrician,na,P_022,3
W_1174,Worker_1174,installer,na,P_031,5
W_1175,Worker_1175,installer,na,P_022,3
W_1176,Worker_1176,safety,na,P_020,4
W_1177,Worker_1177,electrician,na,P_025,3
W_1178,Worker_1178,electrician,na,P_020,3
W_1179,Worker_1179,supervisor,na,P_023,3
W_1180,Worker_1180,safety,na,P_028,3
W_1181,Worker_1181,supervisor,na,P_026,4
W_1182,Worker_1182,engineer,na,P_029,3
W_1183,Worker_1183,installer,na,P_030,3
W_1184,Worker_1184,supervisor,na,P_027,4
W_1185,Worker_1185,electrician,na,P_034,5
W_1186,Worker_1186,engineer,na,P_020,4
W_1187,Worker_1187,electrician,na,P_031,3
W_1188,Worker_1188,safety,na,P_031,1
W_1189,Worker_1189,electrician,na,P_021,3
W_1190,Worker_1190,installer,na,P_024,2
W_1191,Worker_1191,installer,na,P_022,3
W_1192,Worker_1192,electrician,na,P_029,3
W_1193,Worker_1193,safety,na,P_028,4
W_1194,Worker_1194,supervisor,na,P_034,3
W_1195,Worker_1195,electrician,na,P_032,2
W_1196,Worker_1196,safety,na,P_024,4
W_1197,Worker_1197,supervisor,na,P_031,2
W_1198,Worker_1198,safety,na,P_033,3
W_1199,Worker_1199,safety,na,P_031,3
W_1200,Worker_1200,engineer,na,P_035,3
W_1201,Worker_1201,supervisor,na,P_034,4
W_1202,Worker_1202,safety,na,P_023,5
W_1203,Worker_1203,electrician,na,P_027,3
W_1204,Worker_1204,supervisor,na,P_020,2
W_1205,Worker_1205,installer,na,P_035,2
W_1206,Worker_1206,safety,na,P_021,2
W_1207,Worker_1207,supervisor,na,P_022,3
W_1208,Worker_1208,safety,na,P_020,1
W_1209,Worker_1209,safety,na,P_025,2
W_1210,Worker_1210,electrician,na,P_032,3
W_1211,Worker_1211,safety,na,P_027,4
W_1212,Worker_1212,supervisor,na,P_032,4
W_1213,Worker_1213,installer,na,P_034,3
W_1214,Worker_1214,safety,na,P_020,4
W_1215,Worker_1215,electrician,na,P_027,4
W_1216,Worker_1216,installer,na,P_029,3
W_1217,Worker_1217,supervisor,na,P_024,4
W_1218,Worker_1218,engineer,na,P_020,2
W_1219,Worker_1219,installer,na,P_034,2
W_1220,Worker_1220,supervisor,na,P_026,3
W_1221,Worker_1221,supervisor,na,P_026,1
W_1222,Worker_1222,installer,na,P_029,4
W_1223,Worker_1223,safety,na,P_021,3
W_1224,Worker_1224,engineer,na,P_026,3
W_1225,Worker_1225,safety,na,P_026,1
W_1226,Worker_1226,safety,na,P_025,3
W_1227,Worker_1227,supervisor,na,P_020,3
W_1228,Worker_1228,electrician,na,P_021,2
W_1229,Worker_1229,installer,na,P_020,4
W_1230,Worker_1230,electrician,na,P_024,3
W_1231,Worker_1231,electrician,na,P_021,3
W_1232,Worker_1232,supervisor,na,P_028,3
W_1233,Worker_1233,supervisor,me,P_038,4
W_1234,Worker_1234,engineer,me,P_043,4
W_1235,Worker_1235,safety,me,P_046,3
W_1236,Worker_1236,supervisor,me,P_040,2
W_1237,Worker_1237,electrician,me,P_037,4
W_1238,Worker_1238,electrician,me,P_045,3
W_1239,Worker_1239,installer,me,P_040,4
W_1240,Worker_1240,installer,me,P_037,1
W_1241,Worker_1241,supervisor,me,P_037,1
W_1242,Worker_1242,engineer,me,P_041,3
W_1243,Worker_1243,electrician,me,P_043,3
W_1244,Worker_1244,safety,me,P_046,4
W_1245,Worker_1245,installer,me,P_039,2
W_1246,Worker_1246,safety,me,P_046,3
W_1247,Worker_1247,electrician,me,P_039,4
W_1248,Worker_1248,supervisor,me,P_047,2
W_1249,Worker_1249,engineer,me,P_045,3
W_1250,Worker_1250,engineer,me,P_040,2
W_1251,Worker_1251,supervisor,me,P_039,4
W_1252,Worker_1252,electrician,me,P_037,4
W_1253,Worker_1253,supervisor,me,P_046,4
W_1254,Worker_1254,safety,me,P_042,3
W_1255,Worker_1255,electrician,me,P_036,4
W_1256,Worker_1256,supervisor,me,P_042,1
W_1257,Worker_1257,engineer,me,P_036,3
W_1258,Worker_1258,electrician,me,P_039,5
W_1259,Worker_1259,installer,me,P_037,3
W_1260,Worker_1260,supervisor,me,P_043,4
W_1261,Worker_1261,engineer,me,P_038,3
W_1262,Worker_1262,safety,me,P_036,4
W_1263,Worker_1263,engineer,me,P_037,2
W_1264,Worker_1264,engineer,me,P_042,4
W_1265,Worker_1265,engineer,me,P_037,2
W_1266,Worker_1266,supervisor,me,P_041,3
W_1267,Worker_1267,supervisor,me,P_039,3
W_1268,Worker_1268,supervisor,me,P_036,3
W_1269,Worker_1269,safety,me,P_045,3
W_1270,Worker_1270,supervisor,me,P_044,4
W_1271,Worker_1271,supervisor,me,P_045,4
W_1272,Worker_1272,installer,me,P_036,2
W_1273,Worker_1273,electrician,me,P_044,2
W_1274,Worker_1274,supervisor,me,P_045,2
W_1275,Worker_1275,engineer,me,P_037,2
W_1276,Worker_1276,installer,me,P_040,4
W_1277,Worker_1277,engineer,me,P_039,2
W_1278,Worker_1278,supervisor,me,P_045,3
W_1279,Worker_1279,supervisor,me,P_044,3
W_1280,Worker_1280,installer,me,P_044,4
W_1281,Worker_1281,engineer,me,P_045,5
W_1282,Worker_1282,supervisor,me,P_037,1
W_1283,Worker_1283,electrician,me,P_039,2
W_1284,Worker_1284,supervisor,me,P_039,3
W_1285,Worker_1285,installer,me,P_040,3
W_1286,Worker_1286,safety,me,P_044,3
W_1287,Worker_1287,engineer,me,P_037,2
W_1288,Worker_1288,engineer,me,P_039,5
W_1289,Worker_1289,engineer,me,P_036,3
W_1290,Worker_1290,supervisor,me,P_040,4
W_1291,Worker_1291,safety,me,P_046,4
W_1292,Worker_1292,electrician,me,P_041,2
W_1293,Worker_1293,supervisor,me,P_036,3
W_1294,Worker_1294,electrician,me,P_038,4
W_1295,Worker_1295,electrician,me,P_038,4
W_1296,Worker_1296,installer,me,P_045,3
W_1297,Worker_1297,safety,me,P_037,2
W_1298,Worker_1298,electrician,me,P_039,3
W_1299,Worker_1299,electrician,me,P_044,3
W_1300,Worker_1300,installer,me,P_044,3
W_1301,Worker_1301,supervisor,me,P_040,2
W_1302,Worker_1302,supervisor,me,P_037,2
W_1303,Worker_1303,electrician,me,P_041,2
W_1304,Worker_1304,supervisor,me,P_046,3
W_1305,Worker_1305,electrician,me,P_047,4
W_1306,Worker_1306,installer,me,P_046,4
W_1307,Worker_1307,engineer,me,P_037,3
W_1308,Worker_1308,safety,me,P_044,2
W_1309,Worker_1309,safety,me,P_044,3
W_1310,Worker_1310,electrician,me,P_041,1
W_1311,Worker_1311,engineer,me,P_041,5
W_1312,Worker_1312,electrician,me,P_045,2
W_1313,Worker_1313,electrician,me,P_037,3
W_1314,Worker_1314,installer,me,P_043,4
W_1315,Worker_1315,installer,me,P_042,5
W_1316,Worker_1316,safety,me,P_045,4
W_1317,Worker_1317,supervisor,me,P_046,3
W_1318,Worker_1318,electrician,me,P_043,4
W_1319,Worker_1319,safety,me,P_045,5
W_1320,Worker_1320,safety,me,P_043,2
W_1321,Worker_1321,electrician,me,P_038,2
W_1322,Worker_1322,engineer,me,P_041,2
W_1323,Worker_1323,engineer,me,P_036,4
W_1324,Worker_1324,engineer,me,P_044,3
W_1325,Worker_1325,supervisor,me,P_037,3
W_1326,Worker_1326,engineer,me,P_041,4
W_1327,Worker_1327,supervisor,me,P_038,2
W_1328,Worker_1328,installer,me,P_042,3
W_1329,Worker_1329,safety,me,P_036,3
W_1330,Worker_1330,safety,me,P_040,5
W_1331,Worker_1331,engineer,me,P_039,4
W_1332,Worker_1332,engineer,me,P_036,3
W_1333,Worker_1333,engineer,me,P_046,3
W_1334,Worker_1334,supervisor,me,P_046,5
W_1335,Worker_1335,electrician,me,P_047,5
W_1336,Worker_1336,supervisor,me,P_039,4
W_1337,Worker_1337,supervisor,me,P_045,3
W_1338,Worker_1338,engineer,me,P_047,2
W_1339,Worker_1339,engineer,me,P_046,2
W_1340,Worker_1340,safety,me,P_044,2
W_1341,Worker_1341,safety,me,P_046,4
W_1342,Worker_1342,engineer,me,P_036,2
W_1343,Worker_1343,supervisor,me,P_047,3
W_1344,Worker_1344,supervisor,me,P_038,1
W_1345,Worker_1345,safety,me,P_040,2
W_1346,Worker_1346,installer,me,P_041,4
W_1347,Worker_1347,electrician,me,P_047,3
W_1348,Worker_1348,supervisor,me,P_042,3
W_1349,Worker_1349,supervisor,me,P_044,3
W_1350,Worker_1350,engineer,me,P_044,1
W_1351,Worker_1351,electrician,me,P_039,3
W_1352,Worker_1352,supervisor,me,P_044,3
W_1353,Worker_1353,safety,me,P_045,4
W_1354,Worker_1354,engineer,me,P_043,4
W_1355,Worker_1355,safety,me,P_042,4
W_1356,Worker_1356,electrician,me,P_047,3
W_1357,Worker_1357,electrician,me,P_038,3
W_1358,Worker_1358,supervisor,me,P_036,3
W_1359,Worker_1359,installer,me,P_047,2
W_1360,Worker_1360,installer,me,P_045,3
W_1361,Worker_1361,safety,me,P_045,3
W_1362,Worker_1362,engineer,me,P_046,5
W_1363,Worker_1363,engineer,me,P_046,3
W_1364,Worker_1364,safety,me,P_040,1
W_1365,Worker_1365,engineer,me,P_042,3
W_1366,Worker_1366,supervisor,me,P_036,3
W_1367,Worker_1367,safety,me,P_046,4
W_1368,Worker_1368,safety,me,P_039,3
W_1369,Worker_1369,installer,me,P_042,3
W_1370,Worker_1370,installer,me,P_043,4
W_1371,Worker_1371,installer,me,P_044,5
W_1372,Worker_1372,electrician,me,P_042,4
W_1373,Worker_1373,electrician,me,P_042,3
W_1374,Worker_1374,installer,me,P_042,3
W_1375,Worker_1375,safety,me,P_045,1
W_1376,Worker_1376,electrician,me,P_043,4
W_1377,Worker_1377,installer,me,P_039,3
W_1378,Worker_1378,supervisor,me,P_043,3
W_1379,Worker_1379,engineer,me,P_045,3
W_1380,Worker_1380,installer,me,P_039,2
W_1381,Worker_1381,electrician,me,P_042,5
W_1382,Worker_1382,installer,me,P_038,3
W_1383,Worker_1383,installer,me,P_039,5
W_1384,Worker_1384,safety,me,P_037,3
W_1385,Worker_1385,engineer,me,P_040,2
W_1386,Worker_1386,installer,me,P_037,4
W_1387,Worker_1387,safety,me,P_037,4
W_1388,Worker_1388,electrician,me,P_040,4
W_1389,Worker_1389,supervisor,me,P_047,3
W_1390,Worker_1390,safety,me,P_042,4
W_1391,Worker_1391,electrician,me,P_036,3
W_1392,Worker_1392,installer,me,P_039,3
W_1393,Worker_1393,safety,me,P_047,3
W_1394,Worker_1394,supervisor,me,P_041,3
W_1395,Worker_1395,installer,me,P_036,3
W_1396,Worker_1396,electrician,me,P_040,2
W_1397,Worker_1397,electrician,me,P_046,4
W_1398,Worker_1398,engineer,me,P_040,3
W_1399,Worker_1399,supervisor,me,P_037,4
W_1400,Worker_1400,engineer,me,P_043,2
W_1401,Worker_1401,electrician,me,P_038,3
W_1402,Worker_1402,engineer,me,P_045,2
W_1403,Worker_1403,electrician,me,P_040,2
W_1404,Worker_1404,installer,me,P_045,2
W_1405,Worker_1405,safety,me,P_040,2
W_1406,Worker_1406,engineer,me,P_047,2
W_1407,Worker_1407,engineer,me,P_038,3
W_1408,Worker_1408,engineer,me,P_037,4
W_1409,Worker_1409,installer,me,P_040,4
W_1410,Worker_1410,supervisor,me,P_042,1
W_1411,Worker_1411,safety,me,P_046,3
W_1412,Worker_1412,engineer,me,P_043,3
W_1413,Worker_1413,supervisor,me,P_036,4
W_1414,Worker_1414,electrician,me,P_046,3
W_1415,Worker_1415,electrician,me,P_045,3
W_1416,Worker_1416,supervisor,me,P_045,2
W_1417,Worker_1417,electrician,me,P_047,2
W_1418,Worker_1418,engineer,me,P_037,2
W_1419,Worker_1419,electrician,me,P_047,3
W_1420,Worker_1420,safety,me,P_044,4
W_1421,Worker_1421,engineer,me,P_045,2
W_1422,Worker_1422,safety,me,P_043,3
W_1423,Worker_1423,electrician,me,P_046,2
W_1424,Worker_1424,electrician,me,P_045,2
W_1425,Worker_1425,electrician,me,P_039,3
W_1426,Worker_1426,safety,me,P_038,5
W_1427,Worker_1427,electrician,me,P_046,4
W_1428,Worker_1428,electrician,me,P_046,5
W_1429,Worker_1429,safety,me,P_047,4
W_1430,Worker_1430,supervisor,me,P_047,3
W_1431,Worker_1431,installer,me,P_036,3
W_1432,Worker_1432,electrician,me,P_042,2
W_1433,Worker_1433,installer,me,P_039,1
W_1434,Worker_1434,engineer,me,P_043,3
W_1435,Worker_1435,supervisor,me,P_038,4
W_1436,Worker_1436,engineer,me,P_045,4
W_1437,Worker_1437,safety,me,P_037,5
W_1438,Worker_1438,electrician,me,P_040,3
W_1439,Worker_1439,engineer,me,P_038,2
W_1440,Worker_1440,supervisor,me,P_036,4
W_1441,Worker_1441,safety,me,P_046,4
W_1442,Worker_1442,safety,me,P_040,5
W_1443,Worker_1443,safety,me,P_041,5
W_1444,Worker_1444,installer,me,P_047,3
W_1445,Worker_1445,supervisor,me,P_038,2
W_1446,Worker_1446,supervisor,me,P_036,2
W_1447,Worker_1447,safety,me,P_040,2
W_1448,Worker_1448,engineer,me,P_041,2
W_1449,Worker_1449,supervisor,me,P_038,3
W_1450,Worker_1450,supervisor,me,P_037,4
W_1451,Worker_1451,engineer,me,P_046,3
W_1452,Worker_1452,electrician,me,P_040,3
W_1453,Worker_1453,installer,me,P_047,2
W_1454,Worker_1454,safety,me,P_041,2
W_1455,Worker_1455,electrician,me,P_040,2
W_1456,Worker_1456,engineer,me,P_038,1
W_1457,Worker_1457,installer,me,P_047,3
W_1458,Worker_1458,electrician,me,P_039,2
W_1459,Worker_1459,installer,me,P_040,3
W_1460,Worker_1460,supervisor,me,P_044,3
W_1461,Worker_1461,supervisor,me,P_040,4
W_1462,Worker_1462,engineer,me,P_043,2
W_1463,Worker_1463,installer,me,P_039,3
W_1464,Worker_1464,engineer,me,P_037,2
W_1465,Worker_1465,electrician,me,P_046,1
W_1466,Worker_1466,installer,me,P_046,4
W_1467,Worker_1467,engineer,me,P_043,3
W_1468,Worker_1468,supervisor,me,P_046,4
W_1469,Worker_1469,installer,me,P_042,5
W_1470,Worker_1470,supervisor,me,P_047,3
W_1471,Worker_1471,engineer,me,P_042,2
W_1472,Worker_1472,safety,me,P_046,2
W_1473,Worker_1473,engineer,me,P_047,2
W_1474,Worker_1474,electrician,me,P_039,4
W_1475,Worker_1475,electrician,me,P_037,5
W_1476,Worker_1476,supervisor,me,P_042,3
W_1477,Worker_1477,engineer,me,P_044,4
W_1478,Worker_1478,installer,me,P_046,4
W_1479,Worker_1479,installer,me,P_047,5
W_1480,Worker_1480,electrician,me,P_045,5
W_1481,Worker_1481,installer,me,P_045,1
W_1482,Worker_1482,engineer,me,P_047,2
W_1483,Worker_1483,electrician,me,P_045,3
W_1484,Worker_1484,supervisor,me,P_047,2
W_1485,Worker_1485,supervisor,me,P_041,3
W_1486,Worker_1486,engineer,me,P_036,3
W_1487,Worker_1487,supervisor,me,P_037,1
W_1488,Worker_1488,safety,me,P_046,3
W_1489,Worker_1489,engineer,me,P_043,4
W_1490,Worker_1490,supervisor,me,P_039,3
W_1491,Worker_1491,safety,me,P_044,1
W_1492,Worker_1492,supervisor,me,P_039,3
W_1493,Worker_1493,supervisor,me,P_046,3
W_1494,Worker_1494,engineer,me,P_045,4
W_1495,Worker_1495,safety,me,P_047,4
W_1496,Worker_1496,supervisor,me,P_045,3
W_1497,Worker_1497,supervisor,me,P_047,2
W_1498,Worker_1498,electrician,me,P_040,3
W_1499,Worker_1499,safety,me,P_039,1
W_1500,Worker_1500,safety,me,P_040,2
W_1501,Worker_1501,installer,me,P_046,4
W_1502,Worker_1502,engineer,me,P_036,3
W_1503,Worker_1503,electrician,me,P_042,3
W_1504,Worker_1504,engineer,me,P_037,2
W_1505,Worker_1505,engineer,me,P_044,4
W_1506,Worker_1506,installer,me,P_037,3
W_1507,Worker_1507,safety,me,P_040,3
W_1508,Worker_1508,engineer,me,P_039,4
W_1509,Worker_1509,supervisor,me,P_038,4
W_1510,Worker_1510,electrician,me,P_037,3
W_1511,Worker_1511,safety,me,P_042,3
W_1512,Worker_1512,engineer,me,P_043,2
W_1513,Worker_1513,engineer,me,P_043,2
W_1514,Worker_1514,safety,me,P_038,3
W_1515,Worker_1515,supervisor,me,P_037,3
W_1516,Worker_1516,safety,me,P_040,4
W_1517,Worker_1517,supervisor,me,P_036,2
W_1518,Worker_1518,installer,me,P_045,2
W_1519,Worker_1519,installer,me,P_038,3
W_1520,Worker_1520,electrician,me,P_037,3
W_1521,Worker_1521,supervisor,me,P_039,5
W_1522,Worker_1522,electrician,me,P_046,2
W_1523,Worker_1523,safety,me,P_036,3
W_1524,Worker_1524,supervisor,me,P_038,4
W_1525,Worker_1525,installer,me,P_041,4
W_1526,Worker_1526,electrician,me,P_045,3
W_1527,Worker_1527,engineer,me,P_037,4
W_1528,Worker_1528,safety,me,P_037,3
W_1529,Worker_1529,electrician,me,P_043,4
W_1530,Worker_1530,electrician,me,P_041,3
W_1531,Worker_1531,electrician,me,P_042,4
W_1532,Worker_1532,electrician,me,P_038,3
W_1533,Worker_1533,engineer,me,P_036,2
W_1534,Worker_1534,installer,me,P_037,3
W_1535,Worker_1535,supervisor,me,P_043,3
W_1536,Worker_1536,safety,me,P_040,4
W_1537,Worker_1537,electrician,me,P_036,3
W_1538,Worker_1538,electrician,me,P_042,5
W_1539,Worker_1539,electrician,me,P_036,3
W_1540,Worker_1540,installer,me,P_042,3
W_1541,Worker_1541,safety,me,P_037,4
W_1542,Worker_1542,supervisor,me,P_045,3
W_1543,Worker_1543,engineer,me,P_036,3
W_1544,Worker_1544,electrician,me,P_042,3
W_1545,Worker_1545,supervisor,me,P_044,3
W_1546,Worker_1546,safety,me,P_041,4
W_1547,Worker_1547,installer,me,P_047,4
W_1548,Worker_1548,installer,me,P_041,2
W_1549,Worker_1549,safety,me,P_041,2
W_1550,Worker_1550,electrician,me,P_046,2
W_1551,Worker_1551,supervisor,me,P_039,4
W_1552,Worker_1552,supervisor,me,P_036,3
W_1553,Worker_1553,installer,me,P_041,4
W_1554,Worker_1554,supervisor,me,P_042,4
W_1555,Worker_1555,electrician,me,P_043,3
W_1556,Worker_1556,safety,me,P_042,2
W_1557,Worker_1557,installer,me,P_041,4
W_1558,Worker_1558,supervisor,me,P_041,3
W_1559,Worker_1559,installer,me,P_046,2
W_1560,Worker_1560,electrician,me,P_037,3
W_1561,Worker_1561,electrician,me,P_046,2
W_1562,Worker_1562,safety,me,P_041,3
W_1563,Worker_1563,electrician,me,P_043,2
W_1564,Worker_1564,safety,me,P_047,3
W_1565,Worker_1565,supervisor,me,P_038,3
W_1566,Worker_1566,electrician,me,P_038,3
W_1567,Worker_1567,supervisor,me,P_036,3
W_1568,Worker_1568,safety,me,P_046,4
W_1569,Worker_1569,supervisor,me,P_045,4
W_1570,Worker_1570,engineer,me,P_044,4
W_1571,Worker_1571,installer,me,P_043,2
W_1572,Worker_1572,engineer,me,P_041,4
W_1573,Worker_1573,electrician,me,P_044,3
W_1574,Worker_1574,supervisor,me,P_037,3
W_1575,Worker_1575,installer,me,P_037,2
W_1576,Worker_1576,electrician,me,P_037,1
W_1577,Worker_1577,engineer,me,P_044,3
W_1578,Worker_1578,safety,me,P_039,3
W_1579,Worker_1579,supervisor,me,P_047,2
W_1580,Worker_1580,safety,me,P_044,3
W_1581,Worker_1581,engineer,me,P_046,3
W_1582,Worker_1582,installer,me,P_047,3
W_1583,Worker_1583,installer,me,P_037,2
W_1584,Worker_1584,electrician,me,P_040,2
W_1585,Worker_1585,safety,me,P_046,4
W_1586,Worker_1586,engineer,me,P_044,3
W_1587,Worker_1587,installer,me,P_045,3
W_1588,Worker_1588,engineer,me,P_042,4
W_1589,Worker_1589,electrician,me,P_039,3
W_1590,Worker_1590,supervisor,me,P_044,4
W_1591,Worker_1591,safety,me,P_042,3
W_1592,Worker_1592,engineer,me,P_046,2
W_1593,Worker_1593,installer,me,P_042,3
W_1594,Worker_1594,supervisor,me,P_044,4
W_1595,Worker_1595,installer,me,P_042,3
W_1596,Worker_1596,safety,me,P_044,3
W_1597,Worker_1597,electrician,me,P_047,4
W_1598,Worker_1598,engineer,me,P_040,5
W_1599,Worker_1599,installer,me,P_040,4
W_1600,Worker_1600,electrician,me,P_040,2
W_1601,Worker_1601,electrician,me,P_036,3
W_1602,Worker_1602,supervisor,me,P_040,3
W_1603,Worker_1603,supervisor,me,P_042,3
W_1604,Worker_1604,supervisor,me,P_038,3
W_1605,Worker_1605,engineer,me,P_036,2
W_1606,Worker_1606,engineer,me,P_046,3
W_1607,Worker_1607,installer,me,P_037,3
W_1608,Worker_1608,installer,me,P_041,1
W_1609,Worker_1609,safety,me,P_037,3
W_1610,Worker_1610,installer,me,P_044,3
W_1611,Worker_1611,engineer,me,P_044,5
W_1612,Worker_1612,supervisor,me,P_041,3
W_1613,Worker_1613,installer,me,P_042,3
W_1614,Worker_1614,engineer,me,P_040,3
W_1615,Worker_1615,supervisor,me,P_043,3
W_1616,Worker_1616,engineer,me,P_044,2
W_1617,Worker_1617,safety,me,P_036,4
W_1618,Worker_1618,supervisor,me,P_044,4
W_1619,Worker_1619,supervisor,me,P_044,3
W_1620,Worker_1620,engineer,me,P_045,4
W_1621,Worker_1621,supervisor,me,P_041,5
W_1622,Worker_1622,engineer,me,P_043,5
W_1623,Worker_1623,installer,me,P_042,4
W_1624,Worker_1624,electrician,me,P_047,2
W_1625,Worker_1625,installer,me,P_037,2
W_1626,Worker_1626,electrician,me,P_044,4
W_1627,Worker_1627,engineer,me,P_046,3
W_1628,Worker_1628,installer,me,P_045,1
W_1629,Worker_1629,installer,me,P_044,3
W_1630,Worker_1630,installer,me,P_044,4
W_1631,Worker_1631,safety,me,P_040,3
W_1632,Worker_1632,safety,me,P_038,3
W_1633,Worker_1633,electrician,me,P_043,2
W_1634,Worker_1634,electrician,me,P_039,3
W_1635,Worker_1635,safety,me,P_046,4
W_1636,Worker_1636,electrician,me,P_039,3
W_1637,Worker_1637,installer,me,P_044,4
W_1638,Worker_1638,installer,me,P_042,3
W_1639,Worker_1639,engineer,me,P_043,3
W_1640,Worker_1640,electrician,me,P_046,4
W_1641,Worker_1641,safety,me,P_042,4
W_1642,Worker_1642,electrician,me,P_039,2
W_1643,Worker_1643,safety,me,P_036,2
W_1644,Worker_1644,electrician,me,P_036,1
W_1645,Worker_1645,supervisor,me,P_047,3
W_1646,Worker_1646,safety,me,P_043,2
W_1647,Worker_1647,engineer,me,P_040,3
W_1648,Worker_1648,safety,me,P_037,3
W_1649,Worker_1649,safety,me,P_038,3
W_1650,Worker_1650,electrician,me,P_047,3
W_1651,Worker_1651,safety,me,P_043,3
W_1652,Worker_1652,installer,me,P_045,3
W_1653,Worker_1653,electrician,me,P_042,3
W_1654,Worker_1654,installer,me,P_040,4
W_1655,Worker_1655,supervisor,me,P_036,3
W_1656,Worker_1656,installer,me,P_044,5
W_1657,Worker_1657,engineer,me,P_036,2
W_1658,Worker_1658,electrician,me,P_047,3
W_1659,Worker_1659,safety,me,P_038,2
W_1660,Worker_1660,engineer,me,P_043,3
W_1661,Worker_1661,electrician,me,P_042,2
W_1662,Worker_1662,supervisor,me,P_036,4
W_1663,Worker_1663,safety,me,P_036,2
W_1664,Worker_1664,supervisor,me,P_041,2
W_1665,Worker_1665,safety,me,P_044,2
W_1666,Worker_1666,engineer,me,P_040,3
W_1667,Worker_1667,electrician,me,P_041,3
W_1668,Worker_1668,engineer,me,P_037,2
W_1669,Worker_1669,engineer,me,P_039,3
W_1670,Worker_1670,supervisor,me,P_040,4
W_1671,Worker_1671,electrician,me,P_038,4
W_1672,Worker_1672,engineer,me,P_042,4
W_1673,Worker_1673,electrician,me,P_041,1
W_1674,Worker_1674,installer,me,P_047,3
W_1675,Worker_1675,supervisor,me,P_038,4
W_1676,Worker_1676,safety,me,P_047,3
W_1677,Worker_1677,installer,me,P_041,2
W_1678,Worker_1678,supervisor,me,P_047,4
W_1679,Worker_1679,safety,me,P_040,4
W_1680,Worker_1680,installer,me,P_044,3
W_1681,Worker_1681,supervisor,me,P_042,2
W_1682,Worker_1682,supervisor,me,P_037,1
W_1683,Worker_1683,installer,me,P_036,3
W_1684,Worker_1684,electrician,me,P_044,2
W_1685,Worker_1685,engineer,me,P_041,3
W_1686,Worker_1686,installer,me,P_047,3
W_1687,Worker_1687,electrician,me,P_044,2
W_1688,Worker_1688,safety,me,P_041,1
W_1689,Worker_1689,supervisor,me,P_041,3
W_1690,Worker_1690,electrician,me,P_038,3
W_1691,Worker_1691,engineer,me,P_038,3
W_1692,Worker_1692,installer,me,P_045,2
W_1693,Worker_1693,supervisor,me,P_046,4
W_1694,Worker_1694,engineer,me,P_041,2
W_1695,Worker_1695,installer,me,P_045,1
W_1696,Worker_1696,engineer,me,P_041,4
W_1697,Worker_1697,engineer,me,P_042,3
W_1698,Worker_1698,safety,me,P_045,3
W_1699,Worker_1699,safety,me,P_040,3
W_1700,Worker_1700,supervisor,me,P_039,3
W_1701,Worker_1701,electrician,me,P_038,2
W_1702,Worker_1702,safety,me,P_040,2
W_1703,Worker_1703,safety,me,P_042,2
W_1704,Worker_1704,supervisor,me,P_045,3
W_1705,Worker_1705,installer,me,P_044,2
W_1706,Worker_1706,supervisor,me,P_043,4
W_1707,Worker_1707,electrician,me,P_036,2
W_1708,Worker_1708,installer,me,P_042,2
W_1709,Worker_1709,supervisor,me,P_040,2
W_1710,Worker_1710,electrician,me,P_039,2
W_1711,Worker_1711,electrician,me,P_038,2
W_1712,Worker_1712,installer,me,P_047,2
W_1713,Worker_1713,installer,me,P_047,3
W_1714,Worker_1714,supervisor,me,P_036,3
W_1715,Worker_1715,supervisor,me,P_038,3
W_1716,Worker_1716,installer,me,P_042,1
W_1717,Worker_1717,electrician,me,P_036,3
W_1718,Worker_1718,supervisor,me,P_044,3
W_1719,Worker_1719,supervisor,me,P_038,4
W_1720,Worker_1720,electrician,me,P_036,3
W_1721,Worker_1721,supervisor,me,P_045,5
W_1722,Worker_1722,engineer,me,P_041,2
W_1723,Worker_1723,installer,me,P_039,5
W_1724,Worker_1724,installer,me,P_045,3
W_1725,Worker_1725,safety,me,P_046,3
W_1726,Worker_1726,installer,me,P_047,3
W_1727,Worker_1727,engineer,me,P_045,3
W_1728,Worker_1728,engineer,me,P_037,2
W_1729,Worker_1729,electrician,me,P_036,5
W_1730,Worker_1730,safety,me,P_042,3
W_1731,Worker_1731,engineer,me,P_039,3
W_1732,Worker_1732,installer,me,P_042,4
W_1733,Worker_1733,supervisor,me,P_043,4
W_1734,Worker_1734,safety,me,P_038,3
W_1735,Worker_1735,engineer,me,P_036,5
W_1736,Worker_1736,supervisor,me,P_036,3
W_1737,Worker_1737,electrician,me,P_041,2
W_1738,Worker_1738,safety,me,P_038,3
W_1739,Worker_1739,safety,me,P_047,2
W_1740,Worker_1740,supervisor,me,P_043,3
W_1741,Worker_1741,installer,me,P_039,4
W_1742,Worker_1742,electrician,me,P_046,4
W_1743,Worker_1743,electrician,me,P_044,3
W_1744,Worker_1744,electrician,me,P_041,3
W_1745,Worker_1745,engineer,me,P_046,3
W_1746,Worker_1746,engineer,me,P_039,3
W_1747,Worker_1747,safety,me,P_041,4
W_1748,Worker_1748,installer,me,P_045,1
W_1749,Worker_1749,installer,me,P_039,3
W_1750,Worker_1750,engineer,me,P_041,2
W_1751,Worker_1751,electrician,me,P_043,5
W_1752,Worker_1752,electrician,me,P_036,4
W_1753,Worker_1753,engineer,me,P_040,3
W_1754,Worker_1754,supervisor,me,P_039,2
W_1755,Worker_1755,electrician,me,P_041,2
W_1756,Worker_1756,engineer,me,P_044,4
W_1757,Worker_1757,supervisor,me,P_040,2
W_1758,Worker_1758,engineer,me,P_046,3
W_1759,Worker_1759,installer,me,P_046,4
W_1760,Worker_1760,engineer,me,P_036,2
W_1761,Worker_1761,electrician,me,P_036,3
W_1762,Worker_1762,electrician,me,P_047,3
W_1763,Worker_1763,installer,me,P_046,2
W_1764,Worker_1764,electrician,me,P_037,2
W_1765,Worker_1765,electrician,me,P_042,4
W_1766,Worker_1766,engineer,me,P_039,4
W_1767,Worker_1767,safety,me,P_045,3
W_1768,Worker_1768,installer,me,P_044,3
W_1769,Worker_1769,engineer,me,P_045,3
W_1770,Worker_1770,supervisor,me,P_036,1
W_1771,Worker_1771,supervisor,me,P_040,3
W_1772,Worker_1772,safety,me,P_044,1
W_1773,Worker_1773,engineer,me,P_047,3
W_1774,Worker_1774,electrician,me,P_042,3
W_1775,Worker_1775,safety,me,P_047,4
W_1776,Worker_1776,engineer,me,P_040,3
W_1777,Worker_1777,safety,me,P_037,4
W_1778,Worker_1778,safety,me,P_040,2
W_1779,Worker_1779,installer,me,P_040,4
W_1780,Worker_1780,engineer,me,P_039,4
W_1781,Worker_1781,electrician,me,P_040,1
W_1782,Worker_1782,engineer,me,P_047,1
W_1783,Worker_1783,safety,me,P_044,3
W_1784,Worker_1784,installer,me,P_044,2
W_1785,Worker_1785,installer,me,P_037,3
W_1786,Worker_1786,supervisor,me,P_041,3
W_1787,Worker_1787,electrician,me,P_039,4
W_1788,Worker_1788,supervisor,me,P_038,2
W_1789,Worker_1789,supervisor,me,P_036,4
W_1790,Worker_1790,electrician,me,P_039,2
W_1791,Worker_1791,installer,me,P_044,5
W_1792,Worker_1792,safety,me,P_045,4
W_1793,Worker_1793,engineer,me,P_044,2
W_1794,Worker_1794,installer,me,P_039,2
W_1795,Worker_1795,installer,me,P_046,2
W_1796,Worker_1796,supervisor,me,P_046,2
W_1797,Worker_1797,installer,me,P_047,4
W_1798,Worker_1798,electrician,me,P_041,1
W_1799,Worker_1799,supervisor,me,P_036,1
W_1800,Worker_1800,engineer,me,P_036,4
W_1801,Worker_1801,safety,me,P_037,2
W_1802,Worker_1802,electrician,me,P_037,3
W_1803,Worker_1803,electrician,me,P_037,4
W_1804,Worker_1804,installer,me,P_045,4
W_1805,Worker_1805,electrician,me,P_039,4
W_1806,Worker_1806,engineer,me,P_036,4
W_1807,Worker_1807,supervisor,me,P_041,3
W_1808,Worker_1808,installer,me,P_046,3
W_1809,Worker_1809,electrician,me,P_041,3
W_1810,Worker_1810,supervisor,me,P_045,2
W_1811,Worker_1811,safety,me,P_040,2
W_1812,Worker_1812,electrician,me,P_045,4
W_1813,Worker_1813,safety,me,P_042,2
W_1814,Worker_1814,safety,me,P_040,2
W_1815,Worker_1815,engineer,me,P_036,4
W_1816,Worker_1816,supervisor,me,P_047,2
W_1817,Worker_1817,safety,me,P_044,3
W_1818,Worker_1818,supervisor,me,P_047,1
W_1819,Worker_1819,safety,me,P_044,5
W_1820,Worker_1820,safety,me,P_045,4
W_1821,Worker_1821,safety,me,P_042,2
W_1822,Worker_1822,engineer,me,P_046,3
W_1823,Worker_1823,safety,me,P_036,2
W_1824,Worker_1824,safety,me,P_039,2
W_1825,Worker_1825,installer,me,P_038,3
W_1826,Worker_1826,installer,me,P_045,4
W_1827,Worker_1827,electrician,me,P_045,4
W_1828,Worker_1828,installer,me,P_039,3
W_1829,Worker_1829,engineer,me,P_037,3
W_1830,Worker_1830,electrician,me,P_036,4
W_1831,Worker_1831,electrician,me,P_047,2
W_1832,Worker_1832,installer,me,P_042,3
W_1833,Worker_1833,supervisor,me,P_044,3
W_1834,Worker_1834,safety,me,P_046,3
W_1835,Worker_1835,electrician,me,P_047,3
W_1836,Worker_1836,engineer,me,P_039,1
W_1837,Worker_1837,safety,me,P_043,2
W_1838,Worker_1838,safety,me,P_040,3
W_1839,Worker_1839,electrician,me,P_041,3
W_1840,Worker_1840,installer,me,P_044,2
W_1841,Worker_1841,installer,me,P_039,3
W_1842,Worker_1842,engineer,me,P_041,2
W_1843,Worker_1843,installer,me,P_044,4
W_1844,Worker_1844,supervisor,me,P_045,2
W_1845,Worker_1845,installer,me,P_040,2
W_1846,Worker_1846,engineer,me,P_041,3
W_1847,Worker_1847,supervisor,me,P_038,3
W_1848,Worker_1848,engineer,me,P_045,3
