id,ship_id,origin_port_id,dest_port_id,contents,quantity,eta_day,status
CTN_0001,SHIP_001,PORT_SHAN,PORT_DUBA,racking,419,33,in_transit
CTN_0002,SHIP_001,PORT_TUNI,PORT_DUBA,mixed,290,54,delayed
CTN_0003,SHIP_001,PORT_FELI,PORT_DAMM,mixed,486,47,in_transit
CTN_0004,SHIP_001,PORT_TRIP,PORT_JEDD,panels,378,14,in_transit
CTN_0005,SHIP_001,PORT_PIRA,PORT_DAMM,mixed,181,50,delivered
CTN_0006,SHIP_001,PORT_ALEX,PORT_DAMM,racking,259,13,in_transit
CTN_0007,SHIP_001,PORT_ANTW,PORT_DAMM,panels,312,47,in_transit
CTN_0008,SHIP_001,PORT_ROTT,PORT_DUBA,racking,152,37,in_transit
CTN_0009,SHIP_001,PORT_ALGI,PORT_JEDD,inverters,265,27,delivered
CTN_0010,SHIP_001,PORT_ALEX,PORT_DAMM,mixed,285,26,in_transit
CTN_0011,SHIP_001,PORT_ANTW,PORT_MUSC,mixed,261,20,in_transit
CTN_0012,SHIP_001,PORT_TUNI,PORT_DAMM,inverters,493,31,in_transit
CTN_0013,SHIP_001,PORT_PIRA,PORT_MUSC,racking,301,56,in_transit
CTN_0014,SHIP_001,PORT_ANTW,PORT_JEDD,panels,219,30,delayed
CTN_0015,SHIP_001,PORT_TRIP,PORT_DUBA,panels,242,45,in_transit
CTN_0016,SHIP_001,PORT_ALGI,PORT_DAMM,inverters,444,34,delayed
CTN_0017,SHIP_001,PORT_SHAN,PORT_DOHA,inverters,317,30,delayed
CTN_0018,SHIP_002,PORT_VALE,PORT_DAMM,mixed,122,25,delayed
CTN_0019,SHIP_002,PORT_TRIP,PORT_MUSC,racking,152,17,delivered
CTN_0020,SHIP_002,PORT_CASA,PORT_MUSC,racking,238,25,delayed
CTN_0021,SHIP_002,PORT_TUNI,PORT_DUBA,inverters,282,15,in_transit
CTN_0022,SHIP_002,PORT_VALE,PORT_DUBA,mixed,186,32,delayed
CTN_0023,SHIP_002,PORT_ALGI,PORT_DOHA,racking,102,43,delivered
CTN_0024,SHIP_003,PORT_ALGI,PORT_PIRA,panels,94,25,delayed
CTN_0025,SHIP_003,PORT_TANG,PORT_FELI,panels,279,53,delayed
CTN_0026,SHIP_003,PORT_CASA,PORT_HAMB,mixed,413,59,delivered
CTN_0027,SHIP_003,PORT_ANTW,PORT_HAMB,panels,161,52,delayed
CTN_0028,SHIP_003,PORT_ANTW,PORT_VALE,panels,227,36,in_transit
CTN_0029,SHIP_003,PORT_ROTT,PORT_VALE,mixed,199,19,in_transit
CTN_0030,SHIP_003,PORT_HAMB,PORT_PIRA,inverters,345,43,delivered
CTN_0031,SHIP_003,PORT_ANTW,PORT_ROTT,mixed,193,2,delayed
CTN_0032,SHIP_003,PORT_ALEX,PORT_FELI,panels,20,12,in_transit
CTN_0033,SHIP_003,PORT_SHAN,PORT_HAMB,mixed,494,36,in_transit
CTN_0034,SHIP_003,PORT_SHAN,PORT_ROTT,panels,379,41,delivered
CTN_0035,SHIP_003,PORT_SHAN,PORT_ANTW,racking,385,22,delayed
CTN_0036,SHIP_003,PORT_CASA,PORT_HAMB,inverters,313,35,delayed
CTN_0037,SHIP_003,PORT_ANTW,PORT_PIRA,panels,386,39,delayed
CTN_0038,SHIP_003,PORT_FELI,PORT_HAMB,mixed,150,55,delayed
CTN_0039,SHIP_003,PORT_SHAN,PORT_PIRA,inverters,310,24,delayed
CTN_0040,SHIP_003,PORT_CASA,PORT_HAMB,inverters,66,45,delayed
CTN_0041,SHIP_004,PORT_PIRA,PORT_ROTT,inverters,191,21,delayed
CTN_0042,SHIP_004,PORT_TUNI,PORT_FELI,inverters,561,23,delivered
CTN_0043,SHIP_004,PORT_TUNI,PORT_VALE,inverters,419,23,delayed
CTN_0044,SHIP_004,PORT_CASA,PORT_ROTT,inverters,175,40,in_transit
CTN_0045,SHIP_004,PORT_FELI,PORT_ROTT,racking,531,52,delayed
CTN_0046,SHIP_004,PORT_ROTT,PORT_FELI,mixed,206,30,delivered
CTN_0047,SHIP_004,PORT_TUNI,PORT_ROTT,racking,355,27,delivered
CTN_0048,SHIP_004,PORT_ROTT,PORT_VALE,mixed,20,42,delivered
CTN_0049,SHIP_004,PORT_PIRA,PORT_FELI,mixed,101,30,delayed
CTN_0050,SHIP_004,PORT_TRIP,PORT_ROTT,racking,325,23,delivered
CTN_0051,SHIP_004,PORT_SHAN,PORT_PIRA,inverters,339,43,in_transit
CTN_0052,SHIP_004,PORT_ALEX,PORT_VALE,mixed,126,16,delayed
CTN_0053,SHIP_004,PORT_TANG,PORT_ANTW,inverters,20,39,delivered
CTN_0054,SHIP_004,PORT_FELI,PORT_FELI,racking,20,15,delayed
CTN_0055,SHIP_004,PORT_TRIP,PORT_ANTW,inverters,248,12,delayed
CTN_0056,SHIP_004,PORT_ALEX,PORT_ROTT,mixed,361,38,delayed
CTN_0057,SHIP_004,PORT_ALGI,PORT_VALE,panels,356,8,delivered
CTN_0058,SHIP_004,PORT_ALGI,PORT_ROTT,panels,216,30,delayed
CTN_0059,SHIP_004,PORT_HAMB,PORT_HAMB,panels,445,34,delayed
CTN_0060,SHIP_005,PORT_SHAN,PORT_DAMM,panels,20,14,delivered
CTN_0061,SHIP_005,PORT_ANTW,PORT_AQAB,inverters,362,58,in_transit
CTN_0062,SHIP_005,PORT_FELI,PORT_DUBA,racking,600,27,delivered
CTN_0063,SHIP_005,PORT_SHAN,PORT_MUSC,inverters,366,22,delivered
CTN_0064,SHIP_005,PORT_VALE,PORT_AQAB,mixed,349,19,delivered
CTN_0065,SHIP_005,PORT_TRIP,PORT_DOHA,mixed,262,38,delayed
CTN_0066,SHIP_005,PORT_HAMB,PORT_JEDD,panels,408,59,delayed
CTN_0067,SHIP_005,PORT_FELI,PORT_JEDD,racking,224,24,delayed
CTN_0068,SHIP_005,PORT_PIRA,PORT_JEDD,inverters,437,4,in_transit
CTN_0069,SHIP_005,PORT_ANTW,PORT_JEDD,panels,357,13,in_transit
CTN_0070,SHIP_005,PORT_SHAN,PORT_AQAB,mixed,444,7,in_transit
CTN_0071,SHIP_005,PORT_TRIP,PORT_DAMM,mixed,59,30,delayed
CTN_0072,SHIP_005,PORT_SHAN,PORT_MUSC,racking,327,34,in_transit
CTN_0073,SHIP_005,PORT_FELI,PORT_DAMM,racking,20,25,delayed
CTN_0074,SHIP_005,PORT_ANTW,PORT_AQAB,inverters,314,49,delayed
CTN_0075,SHIP_005,PORT_CASA,PORT_DUBA,mixed,163,20,delayed
CTN_0076,SHIP_005,PORT_SHAN,PORT_JEDD,panels,369,2,in_transit
CTN_0077,SHIP_005,PORT_SHAN,PORT_DUBA,panels,273,39,delayed
CTN_0078,SHIP_005,PORT_ROTT,PORT_DUBA,panels,251,27,delayed
CTN_0079,SHIP_005,PORT_TANG,PORT_AQAB,panels,404,34,in_transit
CTN_0080,SHIP_005,PORT_ALGI,PORT_AQAB,racking,377,24,delayed
CTN_0081,SHIP_005,PORT_ANTW,PORT_MUSC,mixed,489,51,in_transit
CTN_0082,SHIP_005,PORT_PIRA,PORT_DAMM,panels,449,45,delayed
CTN_0083,SHIP_006,PORT_ALGI,PORT_CASA,mixed,359,51,in_transit
CTN_0084,SHIP_006,PORT_TUNI,PORT_ALEX,racking,424,44,delayed
CTN_0085,SHIP_006,PORT_ANTW,PORT_TUNI,panels,259,16,delayed
CTN_0086,SHIP_006,PORT_FELI,PORT_CASA,inverters,336,29,delayed
CTN_0087,SHIP_006,PORT_FELI,PORT_ALEX,mixed,113,47,delayed
CTN_0088,SHIP_006,PORT_ALGI,PORT_TUNI,panels,91,52,delayed
CTN_0089,SHIP_006,PORT_ALEX,PORT_CASA,panels,600,53,delivered
CTN_0090,SHIP_006,PORT_ALGI,PORT_TRIP,inverters,251,38,delayed
CTN_0091,SHIP_006,PORT_ALEX,PORT_TRIP,mixed,520,28,in_transit
CTN_0092,SHIP_006,PORT_ALGI,PORT_ALEX,racking,568,35,delayed
CTN_0093,SHIP_006,PORT_TRIP,PORT_ALGI,mixed,172,37,delivered
CTN_0094,SHIP_006,PORT_HAMB,PORT_TUNI,racking,107,10,delivered
CTN_0095,SHIP_006,PORT_ALGI,PORT_TANG,racking,316,47,delivered
CTN_0096,SHIP_006,PORT_ANTW,PORT_TANG,racking,271,28,delivered
CTN_0097,SHIP_006,PORT_VALE,PORT_CASA,mixed,241,56,delivered
CTN_0098,SHIP_007,PORT_HAMB,PORT_PIRA,racking,349,42,delayed
CTN_0099,SHIP_007,PORT_VALE,PORT_ANTW,inverters,94,35,delivered
CTN_0100,SHIP_007,PORT_TUNI,PORT_ROTT,inverters,297,21,delayed
CTN_0101,SHIP_007,PORT_TUNI,PORT_ROTT,panels,134,35,delivered
CTN_0102,SHIP_007,PORT_VALE,PORT_HAMB,mixed,123,22,in_transit
CTN_0103,SHIP_007,PORT_FELI,PORT_PIRA,inverters,350,27,delivered
CTN_0104,SHIP_007,PORT_VALE,PORT_HAMB,panels,294,60,in_transit
CTN_0105,SHIP_007,PORT_PIRA,PORT_FELI,panels,382,43,delayed
CTN_0106,SHIP_007,PORT_TANG,PORT_VALE,panels,332,19,delivered
CTN_0107,SHIP_007,PORT_CASA,PORT_HAMB,racking,20,11,delivered
CTN_0108,SHIP_007,PORT_FELI,PORT_PIRA,mixed,272,24,delivered
CTN_0109,SHIP_007,PORT_TANG,PORT_HAMB,panels,274,2,delivered
CTN_0110,SHIP_007,PORT_TRIP,PORT_FELI,inverters,346,45,delivered
CTN_0111,SHIP_007,PORT_ALEX,PORT_PIRA,panels,156,41,in_transit
CTN_0112,SHIP_007,PORT_PIRA,PORT_ROTT,mixed,527,26,in_transit
CTN_0113,SHIP_007,PORT_SHAN,PORT_HAMB,inverters,284,50,delivered
CTN_0114,SHIP_007,PORT_HAMB,PORT_ANTW,inverters,180,38,in_transit
CTN_0115,SHIP_007,PORT_FELI,PORT_ROTT,panels,191,21,delayed
CTN_0116,SHIP_008,PORT_TRIP,PORT_FELI,mixed,191,42,in_transit
CTN_0117,SHIP_008,PORT_ALGI,PORT_FELI,inverters,241,32,in_transit
CTN_0118,SHIP_008,PORT_SHAN,PORT_VALE,mixed,159,20,delivered
CTN_0119,SHIP_008,PORT_VALE,PORT_PIRA,inverters,409,6,delayed
CTN_0120,SHIP_008,PORT_TRIP,PORT_FELI,mixed,351,30,delayed
CTN_0121,SHIP_008,PORT_SHAN,PORT_FELI,panels,304,45,delivered
CTN_0122,SHIP_008,PORT_TRIP,PORT_PIRA,panels,478,28,delayed
CTN_0123,SHIP_008,PORT_PIRA,PORT_ANTW,panels,282,6,in_transit
CTN_0124,SHIP_008,PORT_TANG,PORT_PIRA,panels,152,23,delivered
CTN_0125,SHIP_008,PORT_SHAN,PORT_ROTT,mixed,274,19,in_transit
CTN_0126,SHIP_008,PORT_VALE,PORT_FELI,inverters,348,34,in_transit
CTN_0127,SHIP_008,PORT_TANG,PORT_ROTT,racking,292,47,delivered
CTN_0128,SHIP_009,PORT_TRIP,PORT_CASA,panels,504,38,in_transit
CTN_0129,SHIP_009,PORT_VALE,PORT_TANG,mixed,242,34,delivered
CTN_0130,SHIP_009,PORT_FELI,PORT_ALEX,inverters,312,20,delivered
CTN_0131,SHIP_009,PORT_ROTT,PORT_TANG,panels,33,35,in_transit
CTN_0132,SHIP_009,PORT_HAMB,PORT_ALGI,panels,307,41,in_transit
CTN_0133,SHIP_009,PORT_HAMB,PORT_TUNI,mixed,470,2,in_transit
CTN_0134,SHIP_009,PORT_ALGI,PORT_TUNI,panels,462,12,in_transit
CTN_0135,SHIP_009,PORT_SHAN,PORT_TANG,mixed,297,34,in_transit
CTN_0136,SHIP_009,PORT_TANG,PORT_ALEX,racking,446,30,in_transit
CTN_0137,SHIP_009,PORT_ANTW,PORT_ALEX,racking,375,2,delivered
CTN_0138,SHIP_009,PORT_CASA,PORT_ALEX,panels,308,28,delivered
CTN_0139,SHIP_009,PORT_VALE,PORT_TRIP,inverters,196,22,delayed
CTN_0140,SHIP_009,PORT_HAMB,PORT_ALGI,racking,242,26,delayed
CTN_0141,SHIP_009,PORT_ALEX,PORT_TANG,mixed,36,41,delayed
CTN_0142,SHIP_009,PORT_TANG,PORT_TANG,mixed,135,28,delivered
CTN_0143,SHIP_010,PORT_VALE,PORT_VALE,mixed,334,30,in_transit
CTN_0144,SHIP_010,PORT_ALEX,PORT_PIRA,mixed,287,6,delivered
CTN_0145,SHIP_010,PORT_CASA,PORT_ANTW,inverters,266,6,in_transit
CTN_0146,SHIP_010,PORT_HAMB,PORT_FELI,racking,191,26,delivered
CTN_0147,SHIP_010,PORT_ROTT,PORT_HAMB,racking,219,48,delivered
CTN_0148,SHIP_010,PORT_FELI,PORT_HAMB,inverters,219,34,delayed
CTN_0149,SHIP_010,PORT_ALEX,PORT_ANTW,mixed,220,6,delivered
CTN_0150,SHIP_010,PORT_TANG,PORT_HAMB,racking,327,11,delivered
CTN_0151,SHIP_010,PORT_ROTT,PORT_HAMB,mixed,600,4,delivered
CTN_0152,SHIP_010,PORT_TUNI,PORT_FELI,mixed,226,32,delivered
CTN_0153,SHIP_010,PORT_ALGI,PORT_ANTW,racking,585,23,in_transit
CTN_0154,SHIP_011,PORT_CASA,PORT_DUBA,panels,213,2,delayed
CTN_0155,SHIP_011,PORT_ALEX,PORT_JEDD,panels,148,32,delayed
CTN_0156,SHIP_011,PORT_ANTW,PORT_DAMM,inverters,391,10,in_transit
CTN_0157,SHIP_011,PORT_ROTT,PORT_DUBA,panels,201,59,in_transit
CTN_0158,SHIP_011,PORT_TRIP,PORT_DUBA,panels,159,22,in_transit
CTN_0159,SHIP_011,PORT_TANG,PORT_DOHA,racking,286,30,delivered
CTN_0160,SHIP_011,PORT_TANG,PORT_DUBA,racking,223,44,in_transit
CTN_0161,SHIP_011,PORT_ANTW,PORT_JEDD,panels,177,32,delivered
CTN_0162,SHIP_011,PORT_ALGI,PORT_AQAB,panels,376,10,delayed
CTN_0163,SHIP_011,PORT_VALE,PORT_JEDD,mixed,213,35,in_transit
CTN_0164,SHIP_011,PORT_VALE,PORT_DOHA,panels,184,21,in_transit
CTN_0165,SHIP_011,PORT_ALGI,PORT_MUSC,racking,465,39,in_transit
CTN_0166,SHIP_011,PORT_TUNI,PORT_AQAB,racking,145,31,in_transit
CTN_0167,SHIP_011,PORT_FELI,PORT_DUBA,racking,205,14,delayed
CTN_0168,SHIP_011,PORT_FELI,PORT_JEDD,inverters,117,43,in_transit
CTN_0169,SHIP_011,PORT_TANG,PORT_AQAB,racking,232,31,delayed
CTN_0170,SHIP_012,PORT_TANG,PORT_VALE,inverters,345,10,delayed
CTN_0171,SHIP_012,PORT_TANG,PORT_PIRA,racking,519,42,delivered
CTN_0172,SHIP_012,PORT_TANG,PORT_FELI,inverters,152,40,delivered
CTN_0173,SHIP_012,PORT_HAMB,PORT_ROTT,mixed,61,35,delivered
CTN_0174,SHIP_012,PORT_TRIP,PORT_VALE,panels,299,34,delivered
CTN_0175,SHIP_012,PORT_HAMB,PORT_ROTT,racking,251,25,delayed
CTN_0176,SHIP_012,PORT_PIRA,PORT_HAMB,mixed,234,29,in_transit
CTN_0177,SHIP_012,PORT_HAMB,PORT_ANTW,racking,239,31,in_transit
CTN_0178,SHIP_012,PORT_ALEX,PORT_HAMB,mixed,300,31,delivered
CTN_0179,SHIP_012,PORT_VALE,PORT_PIRA,mixed,20,34,delivered
CTN_0180,SHIP_012,PORT_SHAN,PORT_ROTT,inverters,231,40,in_transit
CTN_0181,SHIP_012,PORT_SHAN,PORT_ANTW,racking,261,2,delivered
CTN_0182,SHIP_012,PORT_VALE,PORT_FELI,panels,397,17,in_transit
CTN_0183,SHIP_012,PORT_ALEX,PORT_VALE,inverters,534,17,delayed
CTN_0184,SHIP_012,PORT_CASA,PORT_ROTT,mixed,309,13,delivered
CTN_0185,SHIP_012,PORT_FELI,PORT_PIRA,racking,313,33,delivered
CTN_0186,SHIP_012,PORT_ANTW,PORT_HAMB,racking,165,21,delivered
CTN_0187,SHIP_012,PORT_HAMB,PORT_ROTT,panels,75,10,in_transit
CTN_0188,SHIP_012,PORT_PIRA,PORT_ROTT,mixed,132,24,delayed
CTN_0189,SHIP_012,PORT_ROTT,PORT_ROTT,panels,335,26,delayed
CTN_0190,SHIP_012,PORT_ALEX,PORT_ROTT,panels,196,27,in_transit
CTN_0191,SHIP_012,PORT_FELI,PORT_HAMB,panels,90,40,delayed
CTN_0192,SHIP_012,PORT_ROTT,PORT_VALE,panels,454,34,in_transit
CTN_0193,SHIP_012,PORT_ANTW,PORT_FELI,panels,402,24,delayed
CTN_0194,SHIP_012,PORT_CASA,PORT_FELI,panels,216,21,in_transit
CTN_0195,SHIP_012,PORT_TANG,PORT_PIRA,mixed,26,41,delayed
CTN_0196,SHIP_013,PORT_TUNI,PORT_MUSC,inverters,409,51,delivered
CTN_0197,SHIP_013,PORT_CASA,PORT_AQAB,panels,20,34,in_transit
CTN_0198,SHIP_013,PORT_ANTW,PORT_DOHA,mixed,66,38,in_transit
CTN_0199,SHIP_013,PORT_ROTT,PORT_DOHA,inverters,129,2,in_transit
CTN_0200,SHIP_014,PORT_TRIP,PORT_VALE,panels,368,23,in_transit
CTN_0201,SHIP_014,PORT_ROTT,PORT_ANTW,mixed,461,39,delivered
CTN_0202,SHIP_014,PORT_TUNI,PORT_PIRA,mixed,126,30,delayed
CTN_0203,SHIP_014,PORT_CASA,PORT_PIRA,mixed,365,18,in_transit
CTN_0204,SHIP_014,PORT_CASA,PORT_HAMB,panels,20,48,delayed
CTN_0205,SHIP_015,PORT_ROTT,PORT_JEDD,inverters,252,8,delayed
CTN_0206,SHIP_015,PORT_TANG,PORT_AQAB,racking,20,47,delayed
CTN_0207,SHIP_015,PORT_PIRA,PORT_DOHA,inverters,213,15,in_transit
CTN_0208,SHIP_015,PORT_SHAN,PORT_AQAB,panels,42,24,delivered
CTN_0209,SHIP_015,PORT_PIRA,PORT_DAMM,racking,97,54,delivered
CTN_0210,SHIP_015,PORT_SHAN,PORT_DUBA,mixed,198,18,delivered
CTN_0211,SHIP_015,PORT_ANTW,PORT_MUSC,inverters,116,2,delivered
CTN_0212,SHIP_015,PORT_ROTT,PORT_MUSC,panels,187,16,in_transit
CTN_0213,SHIP_015,PORT_PIRA,PORT_DUBA,inverters,308,34,delivered
CTN_0214,SHIP_015,PORT_FELI,PORT_JEDD,mixed,332,15,in_transit
CTN_0215,SHIP_015,PORT_ALEX,PORT_JEDD,mixed,257,21,delivered
CTN_0216,SHIP_015,PORT_ALGI,PORT_DUBA,inverters,259,26,in_transit
CTN_0217,SHIP_015,PORT_FELI,PORT_JEDD,panels,336,29,in_transit
CTN_0218,SHIP_015,PORT_ROTT,PORT_JEDD,inverters,265,25,delivered
CTN_0219,SHIP_015,PORT_ANTW,PORT_MUSC,racking,99,42,delayed
CTN_0220,SHIP_015,PORT_FELI,PORT_JEDD,panels,536,37,in_transit
CTN_0221,SHIP_015,PORT_CASA,PORT_DUBA,mixed,305,26,in_transit
CTN_0222,SHIP_015,PORT_FELI,PORT_JEDD,panels,330,18,delayed
CTN_0223,SHIP_015,PORT_ROTT,PORT_DOHA,panels,359,38,in_transit
CTN_0224,SHIP_015,PORT_TRIP,PORT_AQAB,racking,313,36,delayed
CTN_0225,SHIP_015,PORT_ROTT,PORT_MUSC,racking,220,63,delayed
CTN_0226,SHIP_015,PORT_PIRA,PORT_DUBA,inverters,365,34,delayed
CTN_0227,SHIP_015,PORT_TRIP,PORT_AQAB,mixed,286,13,in_transit
CTN_0228,SHIP_015,PORT_TANG,PORT_DUBA,inverters,110,57,in_transit
CTN_0229,SHIP_015,PORT_ANTW,PORT_AQAB,panels,324,30,in_transit
CTN_0230,SHIP_016,PORT_VALE,PORT_FELI,inverters,302,18,delayed
CTN_0231,SHIP_016,PORT_VALE,PORT_HAMB,racking,100,8,in_transit
CTN_0232,SHIP_016,PORT_SHAN,PORT_ANTW,mixed,331,23,delayed
CTN_0233,SHIP_016,PORT_FELI,PORT_VALE,panels,399,24,delivered
CTN_0234,SHIP_016,PORT_ALGI,PORT_HAMB,panels,231,45,delivered
CTN_0235,SHIP_016,PORT_TUNI,PORT_HAMB,inverters,438,40,in_transit
CTN_0236,SHIP_016,PORT_CASA,PORT_ANTW,inverters,93,15,in_transit
CTN_0237,SHIP_016,PORT_ROTT,PORT_VALE,panels,315,13,delayed
CTN_0238,SHIP_016,PORT_TUNI,PORT_HAMB,inverters,474,73,delayed
CTN_0239,SHIP_016,PORT_CASA,PORT_ROTT,panels,387,23,in_transit
CTN_0240,SHIP_016,PORT_PIRA,PORT_VALE,racking,136,8,delivered
CTN_0241,SHIP_016,PORT_HAMB,PORT_HAMB,panels,357,25,delayed
CTN_0242,SHIP_016,PORT_VALE,PORT_ANTW,racking,295,38,delivered
CTN_0243,SHIP_016,PORT_VALE,PORT_PIRA,panels,89,2,delivered
CTN_0244,SHIP_016,PORT_PIRA,PORT_HAMB,panels,214,11,delayed
CTN_0245,SHIP_016,PORT_ANTW,PORT_VALE,inverters,20,16,in_transit
CTN_0246,SHIP_016,PORT_SHAN,PORT_HAMB,panels,127,32,delivered
CTN_0247,SHIP_016,PORT_PIRA,PORT_ROTT,mixed,286,23,delayed
CTN_0248,SHIP_016,PORT_ALEX,PORT_ANTW,mixed,329,39,delivered
CTN_0249,SHIP_016,PORT_PIRA,PORT_ROTT,inverters,314,42,delayed
CTN_0250,SHIP_016,PORT_TRIP,PORT_ROTT,mixed,29,53,delivered
CTN_0251,SHIP_017,PORT_TRIP,PORT_PIRA,panels,416,26,delayed
CTN_0252,SHIP_017,PORT_VALE,PORT_FELI,racking,143,18,delayed
CTN_0253,SHIP_017,PORT_VALE,PORT_FELI,inverters,374,44,delivered
CTN_0254,SHIP_017,PORT_VALE,PORT_FELI,inverters,261,31,in_transit
CTN_0255,SHIP_017,PORT_TANG,PORT_ROTT,mixed,416,38,delayed
CTN_0256,SHIP_017,PORT_ANTW,PORT_PIRA,inverters,310,30,in_transit
CTN_0257,SHIP_017,PORT_TRIP,PORT_FELI,inverters,221,36,delivered
CTN_0258,SHIP_017,PORT_SHAN,PORT_VALE,inverters,600,24,delivered
CTN_0259,SHIP_017,PORT_HAMB,PORT_ANTW,mixed,247,34,delivered
CTN_0260,SHIP_017,PORT_SHAN,PORT_FELI,mixed,489,29,in_transit
CTN_0261,SHIP_017,PORT_ROTT,PORT_HAMB,panels,359,19,in_transit
CTN_0262,SHIP_018,PORT_VALE,PORT_DUBA,racking,245,32,in_transit
CTN_0263,SHIP_018,PORT_ALEX,PORT_DAMM,racking,173,14,in_transit
CTN_0264,SHIP_018,PORT_TUNI,PORT_MUSC,panels,350,18,delivered
CTN_0265,SHIP_018,PORT_SHAN,PORT_JEDD,inverters,222,16,delayed
CTN_0266,SHIP_018,PORT_ALEX,PORT_DOHA,inverters,495,40,delayed
CTN_0267,SHIP_018,PORT_SHAN,PORT_MUSC,panels,600,4,delivered
CTN_0268,SHIP_018,PORT_FELI,PORT_DAMM,inverters,172,14,delayed
CTN_0269,SHIP_018,PORT_TUNI,PORT_AQAB,panels,350,31,delivered
CTN_0270,SHIP_018,PORT_PIRA,PORT_AQAB,panels,390,24,in_transit
CTN_0271,SHIP_018,PORT_TUNI,PORT_MUSC,racking,21,15,delayed
CTN_0272,SHIP_018,PORT_PIRA,PORT_DOHA,mixed,282,23,delayed
CTN_0273,SHIP_018,PORT_PIRA,PORT_AQAB,racking,409,16,delivered
CTN_0274,SHIP_018,PORT_VALE,PORT_DAMM,inverters,326,2,delayed
CTN_0275,SHIP_018,PORT_TANG,PORT_DOHA,racking,268,18,delayed
CTN_0276,SHIP_018,PORT_SHAN,PORT_DAMM,mixed,314,39,in_transit
CTN_0277,SHIP_018,PORT_ROTT,PORT_JEDD,racking,232,37,delivered
CTN_0278,SHIP_018,PORT_FELI,PORT_DUBA,inverters,419,45,delayed
CTN_0279,SHIP_018,PORT_TUNI,PORT_DUBA,panels,170,30,delayed
CTN_0280,SHIP_018,PORT_ALGI,PORT_DOHA,racking,203,8,delivered
CTN_0281,SHIP_018,PORT_ALEX,PORT_DUBA,racking,313,18,delivered
CTN_0282,SHIP_018,PORT_ALEX,PORT_JEDD,panels,323,39,in_transit
CTN_0283,SHIP_018,PORT_PIRA,PORT_JEDD,racking,373,14,delayed
CTN_0284,SHIP_018,PORT_ALEX,PORT_JEDD,racking,161,14,delivered
CTN_0285,SHIP_018,PORT_SHAN,PORT_DUBA,mixed,165,25,in_transit
CTN_0286,SHIP_019,PORT_ROTT,PORT_ROTT,racking,441,37,delayed
CTN_0287,SHIP_019,PORT_TUNI,PORT_FELI,racking,188,29,delayed
CTN_0288,SHIP_019,PORT_TANG,PORT_FELI,mixed,287,40,in_transit
CTN_0289,SHIP_019,PORT_FELI,PORT_ANTW,inverters,123,35,delivered
CTN_0290,SHIP_019,PORT_ANTW,PORT_HAMB,racking,383,2,delayed
CTN_0291,SHIP_019,PORT_VALE,PORT_ANTW,inverters,271,37,in_transit
CTN_0292,SHIP_020,PORT_ROTT,PORT_ALEX,panels,23,23,delayed
CTN_0293,SHIP_020,PORT_VALE,PORT_ALGI,panels,395,44,in_transit
CTN_0294,SHIP_020,PORT_CASA,PORT_ALGI,mixed,108,58,in_transit
CTN_0295,SHIP_020,PORT_TRIP,PORT_CASA,inverters,485,30,in_transit
CTN_0296,SHIP_020,PORT_ALEX,PORT_TRIP,panels,369,35,in_transit
CTN_0297,SHIP_020,PORT_HAMB,PORT_TRIP,inverters,446,6,in_transit
CTN_0298,SHIP_020,PORT_TUNI,PORT_TANG,panels,480,24,in_transit
CTN_0299,SHIP_020,PORT_ANTW,PORT_CASA,panels,600,19,in_transit
CTN_0300,SHIP_020,PORT_VALE,PORT_ALGI,panels,226,17,delayed
CTN_0301,SHIP_020,PORT_TANG,PORT_TANG,racking,355,23,delayed
CTN_0302,SHIP_020,PORT_TRIP,PORT_ALEX,racking,494,34,delivered
CTN_0303,SHIP_020,PORT_ALGI,PORT_ALEX,panels,505,31,in_transit
CTN_0304,SHIP_020,PORT_PIRA,PORT_ALGI,racking,257,36,in_transit
CTN_0305,SHIP_020,PORT_VALE,PORT_TRIP,racking,363,49,delayed
CTN_0306,SHIP_020,PORT_ALEX,PORT_CASA,inverters,20,38,delayed
CTN_0307,SHIP_021,PORT_VALE,PORT_HAMB,racking,450,16,in_transit
CTN_0308,SHIP_021,PORT_TUNI,PORT_ANTW,panels,295,23,in_transit
CTN_0309,SHIP_021,PORT_ROTT,PORT_FELI,mixed,425,46,in_transit
CTN_0310,SHIP_021,PORT_ROTT,PORT_ANTW,racking,271,2,delivered
CTN_0311,SHIP_021,PORT_HAMB,PORT_VALE,racking,155,27,delivered
CTN_0312,SHIP_021,PORT_TRIP,PORT_PIRA,panels,412,40,in_transit
CTN_0313,SHIP_021,PORT_VALE,PORT_VALE,mixed,330,12,in_transit
CTN_0314,SHIP_021,PORT_SHAN,PORT_VALE,racking,349,48,delivered
CTN_0315,SHIP_021,PORT_TANG,PORT_FELI,racking,150,25,in_transit
CTN_0316,SHIP_021,PORT_TANG,PORT_ROTT,inverters,522,47,delayed
CTN_0317,SHIP_021,PORT_HAMB,PORT_PIRA,panels,418,13,in_transit
CTN_0318,SHIP_021,PORT_TUNI,PORT_ROTT,mixed,539,25,delayed
CTN_0319,SHIP_021,PORT_TUNI,PORT_ROTT,panels,195,31,in_transit
CTN_0320,SHIP_021,PORT_PIRA,PORT_FELI,mixed,419,7,delivered
CTN_0321,SHIP_021,PORT_ALGI,PORT_HAMB,racking,208,6,in_transit
CTN_0322,SHIP_021,PORT_HAMB,PORT_ROTT,inverters,293,2,delivered
CTN_0323,SHIP_021,PORT_CASA,PORT_ROTT,panels,346,17,delayed
CTN_0324,SHIP_021,PORT_CASA,PORT_HAMB,panels,273,20,delayed
CTN_0325,SHIP_022,PORT_ALGI,PORT_DOHA,racking,342,20,delayed
CTN_0326,SHIP_022,PORT_VALE,PORT_DOHA,racking,170,5,in_transit
CTN_0327,SHIP_022,PORT_ANTW,PORT_MUSC,racking,20,22,in_transit
CTN_0328,SHIP_022,PORT_TRIP,PORT_MUSC,racking,45,8,delayed
CTN_0329,SHIP_022,PORT_FELI,PORT_DOHA,racking,188,21,delayed
CTN_0330,SHIP_022,PORT_PIRA,PORT_DAMM,mixed,21,26,in_transit
CTN_0331,SHIP_022,PORT_PIRA,PORT_DOHA,panels,315,47,in_transit
CTN_0332,SHIP_022,PORT_ANTW,PORT_DAMM,mixed,297,57,delayed
CTN_0333,SHIP_022,PORT_TRIP,PORT_JEDD,inverters,147,32,delayed
CTN_0334,SHIP_022,PORT_ROTT,PORT_DOHA,mixed,153,34,in_transit
CTN_0335,SHIP_022,PORT_CASA,PORT_AQAB,mixed,311,39,delayed
CTN_0336,SHIP_022,PORT_ROTT,PORT_AQAB,panels,423,69,in_transit
CTN_0337,SHIP_022,PORT_VALE,PORT_DOHA,racking,415,42,delayed
CTN_0338,SHIP_022,PORT_TANG,PORT_JEDD,panels,381,18,in_transit
CTN_0339,SHIP_022,PORT_ANTW,PORT_DAMM,racking,449,21,delayed
CTN_0340,SHIP_022,PORT_ANTW,PORT_DUBA,panels,111,10,delivered
CTN_0341,SHIP_022,PORT_HAMB,PORT_MUSC,panels,195,18,delivered
CTN_0342,SHIP_022,PORT_ALEX,PORT_MUSC,racking,399,30,in_transit
CTN_0343,SHIP_022,PORT_TRIP,PORT_DAMM,panels,349,39,delayed
CTN_0344,SHIP_022,PORT_ALGI,PORT_AQAB,racking,20,33,delivered
CTN_0345,SHIP_022,PORT_TRIP,PORT_DUBA,panels,572,17,in_transit
CTN_0346,SHIP_022,PORT_TANG,PORT_DUBA,inverters,285,28,in_transit
CTN_0347,SHIP_022,PORT_SHAN,PORT_MUSC,inverters,507,30,in_transit
CTN_0348,SHIP_022,PORT_CASA,PORT_DAMM,panels,415,19,delivered
CTN_0349,SHIP_022,PORT_VALE,PORT_AQAB,inverters,282,2,in_transit
CTN_0350,SHIP_023,PORT_ROTT,PORT_JEDD,racking,337,45,delayed
CTN_0351,SHIP_023,PORT_TANG,PORT_JEDD,racking,438,53,in_transit
CTN_0352,SHIP_023,PORT_ANTW,PORT_MUSC,racking,254,21,delayed
CTN_0353,SHIP_023,PORT_CASA,PORT_AQAB,racking,421,32,delivered
CTN_0354,SHIP_023,PORT_ALGI,PORT_DAMM,mixed,515,38,in_transit
CTN_0355,SHIP_023,PORT_TRIP,PORT_MUSC,racking,567,27,in_transit
CTN_0356,SHIP_023,PORT_FELI,PORT_DOHA,panels,402,29,delivered
CTN_0357,SHIP_023,PORT_FELI,PORT_DOHA,inverters,219,47,in_transit
CTN_0358,SHIP_023,PORT_ANTW,PORT_JEDD,mixed,322,27,delayed
CTN_0359,SHIP_023,PORT_FELI,PORT_DOHA,inverters,170,6,delivered
CTN_0360,SHIP_023,PORT_ALGI,PORT_AQAB,mixed,372,36,delayed
CTN_0361,SHIP_023,PORT_ANTW,PORT_MUSC,inverters,293,23,in_transit
CTN_0362,SHIP_023,PORT_PIRA,PORT_DAMM,racking,40,37,in_transit
CTN_0363,SHIP_023,PORT_TRIP,PORT_DUBA,mixed,235,2,in_transit
CTN_0364,SHIP_023,PORT_ALEX,PORT_AQAB,inverters,20,43,delivered
CTN_0365,SHIP_023,PORT_SHAN,PORT_MUSC,mixed,354,31,delayed
CTN_0366,SHIP_023,PORT_FELI,PORT_JEDD,panels,470,16,in_transit
CTN_0367,SHIP_023,PORT_VALE,PORT_DOHA,racking,29,37,delayed
CTN_0368,SHIP_023,PORT_ALGI,PORT_JEDD,panels,521,33,delivered
CTN_0369,SHIP_023,PORT_HAMB,PORT_DAMM,racking,178,16,delivered
CTN_0370,SHIP_023,PORT_TUNI,PORT_DOHA,mixed,151,45,delayed
CTN_0371,SHIP_024,PORT_TUNI,PORT_ALEX,racking,449,31,delivered
CTN_0372,SHIP_024,PORT_SHAN,PORT_CASA,mixed,394,18,in_transit
CTN_0373,SHIP_024,PORT_FELI,PORT_ALEX,inverters,407,6,in_transit
CTN_0374,SHIP_024,PORT_ANTW,PORT_TRIP,mixed,343,2,delivered
CTN_0375,SHIP_024,PORT_FELI,PORT_TUNI,panels,512,29,delayed
CTN_0376,SHIP_024,PORT_ALEX,PORT_TUNI,panels,165,15,delivered
CTN_0377,SHIP_024,PORT_CASA,PORT_TUNI,panels,100,5,in_transit
CTN_0378,SHIP_024,PORT_CASA,PORT_CASA,inverters,241,2,in_transit
CTN_0379,SHIP_024,PORT_TUNI,PORT_TANG,racking,440,18,delayed
CTN_0380,SHIP_024,PORT_ANTW,PORT_TANG,inverters,198,53,in_transit
CTN_0381,SHIP_024,PORT_VALE,PORT_TRIP,racking,277,50,delivered
CTN_0382,SHIP_024,PORT_SHAN,PORT_ALGI,racking,294,31,in_transit
CTN_0383,SHIP_024,PORT_ALEX,PORT_CASA,inverters,301,47,delivered
CTN_0384,SHIP_024,PORT_FELI,PORT_ALEX,panels,481,25,delayed
CTN_0385,SHIP_024,PORT_FELI,PORT_TRIP,mixed,212,39,in_transit
CTN_0386,SHIP_024,PORT_ALEX,PORT_CASA,mixed,156,52,delivered
CTN_0387,SHIP_024,PORT_SHAN,PORT_TANG,panels,223,34,delayed
CTN_0388,SHIP_024,PORT_HAMB,PORT_CASA,panels,20,49,delayed
CTN_0389,SHIP_024,PORT_CASA,PORT_TUNI,racking,212,34,delivered
CTN_0390,SHIP_024,PORT_FELI,PORT_ALGI,racking,367,15,delayed
CTN_0391,SHIP_024,PORT_ANTW,PORT_TANG,panels,86,24,in_transit
CTN_0392,SHIP_025,PORT_CASA,PORT_ROTT,inverters,297,20,in_transit
CTN_0393,SHIP_025,PORT_HAMB,PORT_ROTT,inverters,230,37,delayed
CTN_0394,SHIP_025,PORT_ANTW,PORT_ANTW,racking,535,38,delayed
CTN_0395,SHIP_025,PORT_PIRA,PORT_HAMB,mixed,485,27,delayed
CTN_0396,SHIP_025,PORT_TANG,PORT_FELI,mixed,77,32,delayed
CTN_0397,SHIP_025,PORT_TRIP,PORT_ROTT,panels,493,2,delivered
CTN_0398,SHIP_025,PORT_ALEX,PORT_VALE,panels,291,25,delayed
CTN_0399,SHIP_025,PORT_ALGI,PORT_PIRA,racking,374,32,delivered
CTN_0400,SHIP_025,PORT_ROTT,PORT_VALE,mixed,429,13,in_transit
CTN_0401,SHIP_025,PORT_TRIP,PORT_PIRA,mixed,332,27,in_transit
CTN_0402,SHIP_025,PORT_ALEX,PORT_ROTT,mixed,345,28,in_transit
CTN_0403,SHIP_025,PORT_ALGI,PORT_VALE,panels,289,13,delivered
CTN_0404,SHIP_025,PORT_ANTW,PORT_PIRA,racking,317,32,delivered
CTN_0405,SHIP_025,PORT_HAMB,PORT_PIRA,panels,326,49,in_transit
CTN_0406,SHIP_025,PORT_SHAN,PORT_HAMB,racking,212,24,delivered
CTN_0407,SHIP_026,PORT_SHAN,PORT_TRIP,inverters,110,12,in_transit
CTN_0408,SHIP_026,PORT_PIRA,PORT_TUNI,mixed,231,30,delayed
CTN_0409,SHIP_026,PORT_TANG,PORT_TUNI,racking,265,67,in_transit
CTN_0410,SHIP_026,PORT_VALE,PORT_TUNI,panels,397,18,in_transit
CTN_0411,SHIP_026,PORT_HAMB,PORT_TANG,inverters,474,46,delayed
CTN_0412,SHIP_026,PORT_ROTT,PORT_ALGI,panels,412,36,delivered
CTN_0413,SHIP_026,PORT_FELI,PORT_TANG,racking,317,46,in_transit
CTN_0414,SHIP_026,PORT_ROTT,PORT_ALEX,mixed,350,41,delivered
CTN_0415,SHIP_026,PORT_TANG,PORT_CASA,mixed,57,22,in_transit
CTN_0416,SHIP_026,PORT_HAMB,PORT_ALEX,panels,196,3,in_transit
CTN_0417,SHIP_026,PORT_ALGI,PORT_ALGI,inverters,415,45,delayed
CTN_0418,SHIP_026,PORT_PIRA,PORT_TUNI,racking,275,24,delivered
CTN_0419,SHIP_026,PORT_FELI,PORT_TRIP,panels,230,37,delivered
CTN_0420,SHIP_026,PORT_VALE,PORT_TUNI,panels,201,38,delayed
CTN_0421,SHIP_026,PORT_PIRA,PORT_CASA,panels,314,30,delivered
CTN_0422,SHIP_026,PORT_TUNI,PORT_CASA,inverters,233,52,delivered
CTN_0423,SHIP_026,PORT_TUNI,PORT_TANG,mixed,223,47,in_transit
CTN_0424,SHIP_026,PORT_PIRA,PORT_TUNI,inverters,384,26,in_transit
CTN_0425,SHIP_026,PORT_FELI,PORT_TUNI,panels,261,45,delayed
CTN_0426,SHIP_026,PORT_ALGI,PORT_ALEX,racking,172,32,delayed
CTN_0427,SHIP_026,PORT_HAMB,PORT_TANG,inverters,342,9,delayed
CTN_0428,SHIP_026,PORT_ROTT,PORT_TANG,inverters,237,22,delivered
CTN_0429,SHIP_026,PORT_PIRA,PORT_ALGI,panels,81,42,in_transit
CTN_0430,SHIP_026,PORT_SHAN,PORT_ALGI,racking,69,34,delivered
CTN_0431,SHIP_026,PORT_SHAN,PORT_TUNI,panels,301,28,delayed
CTN_0432,SHIP_026,PORT_ANTW,PORT_ALGI,racking,50,67,delayed
CTN_0433,SHIP_026,PORT_FELI,PORT_TANG,mixed,446,15,delivered
CTN_0434,SHIP_026,PORT_SHAN,PORT_ALGI,inverters,383,33,delivered
CTN_0435,SHIP_026,PORT_ROTT,PORT_ALGI,inverters,275,46,delivered
CTN_0436,SHIP_026,PORT_ANTW,PORT_TUNI,mixed,200,14,delayed
CTN_0437,SHIP_026,PORT_HAMB,PORT_TRIP,racking,418,45,in_transit
CTN_0438,SHIP_026,PORT_TUNI,PORT_TRIP,panels,505,34,in_transit
CTN_0439,SHIP_027,PORT_ROTT,PORT_ANTW,mixed,319,25,delivered
CTN_0440,SHIP_027,PORT_PIRA,PORT_HAMB,racking,395,18,delivered
CTN_0441,SHIP_027,PORT_CASA,PORT_PIRA,racking,111,38,delayed
CTN_0442,SHIP_027,PORT_PIRA,PORT_PIRA,mixed,386,2,delayed
CTN_0443,SHIP_027,PORT_SHAN,PORT_FELI,panels,20,32,in_transit
CTN_0444,SHIP_027,PORT_VALE,PORT_PIRA,panels,219,18,delivered
CTN_0445,SHIP_027,PORT_SHAN,PORT_VALE,inverters,434,41,in_transit
CTN_0446,SHIP_027,PORT_ANTW,PORT_HAMB,mixed,346,38,in_transit
CTN_0447,SHIP_027,PORT_HAMB,PORT_VALE,mixed,250,18,delayed
CTN_0448,SHIP_027,PORT_ANTW,PORT_PIRA,panels,201,20,delayed
CTN_0449,SHIP_027,PORT_PIRA,PORT_FELI,racking,312,17,delivered
CTN_0450,SHIP_027,PORT_TANG,PORT_ANTW,inverters,89,45,in_transit
CTN_0451,SHIP_027,PORT_TANG,PORT_HAMB,racking,306,47,delayed
CTN_0452,SHIP_027,PORT_TUNI,PORT_VALE,mixed,382,23,in_transit
CTN_0453,SHIP_027,PORT_ANTW,PORT_PIRA,mixed,20,35,delayed
CTN_0454,SHIP_027,PORT_ROTT,PORT_FELI,racking,575,15,delivered
CTN_0455,SHIP_027,PORT_TRIP,PORT_FELI,racking,334,11,delivered
CTN_0456,SHIP_028,PORT_TANG,PORT_TRIP,mixed,420,34,in_transit
CTN_0457,SHIP_028,PORT_ANTW,PORT_TUNI,racking,188,43,delayed
CTN_0458,SHIP_028,PORT_TUNI,PORT_TANG,mixed,187,2,in_transit
CTN_0459,SHIP_028,PORT_ANTW,PORT_CASA,panels,240,19,delivered
CTN_0460,SHIP_028,PORT_ALEX,PORT_ALGI,panels,304,26,in_transit
CTN_0461,SHIP_028,PORT_TUNI,PORT_TRIP,mixed,540,36,delayed
CTN_0462,SHIP_028,PORT_VALE,PORT_ALGI,mixed,125,41,delivered
CTN_0463,SHIP_028,PORT_CASA,PORT_CASA,inverters,20,2,in_transit
CTN_0464,SHIP_028,PORT_ALEX,PORT_TANG,inverters,317,33,delayed
CTN_0465,SHIP_028,PORT_ROTT,PORT_ALGI,racking,296,35,delivered
CTN_0466,SHIP_028,PORT_TUNI,PORT_TRIP,inverters,60,51,in_transit
CTN_0467,SHIP_028,PORT_ALGI,PORT_ALEX,racking,295,45,delivered
CTN_0468,SHIP_028,PORT_FELI,PORT_ALGI,inverters,212,32,delivered
CTN_0469,SHIP_028,PORT_ALGI,PORT_TRIP,racking,98,18,in_transit
CTN_0470,SHIP_028,PORT_ANTW,PORT_TRIP,mixed,600,29,delivered
CTN_0471,SHIP_028,PORT_TANG,PORT_ALGI,racking,339,10,delayed
CTN_0472,SHIP_028,PORT_VALE,PORT_CASA,racking,332,54,delivered
CTN_0473,SHIP_028,PORT_ALEX,PORT_CASA,racking,396,54,in_transit
CTN_0474,SHIP_028,PORT_HAMB,PORT_TANG,inverters,227,19,delivered
CTN_0475,SHIP_028,PORT_SHAN,PORT_TANG,racking,423,25,delivered
CTN_0476,SHIP_028,PORT_ALEX,PORT_TUNI,mixed,595,7,in_transit
CTN_0477,SHIP_028,PORT_VALE,PORT_CASA,inverters,20,46,delayed
CTN_0478,SHIP_028,PORT_TRIP,PORT_TRIP,panels,600,25,in_transit
CTN_0479,SHIP_028,PORT_FELI,PORT_TRIP,mixed,448,21,delivered
CTN_0480,SHIP_029,PORT_TANG,PORT_FELI,racking,20,12,in_transit
CTN_0481,SHIP_029,PORT_VALE,PORT_ROTT,panels,186,27,delivered
CTN_0482,SHIP_029,PORT_SHAN,PORT_PIRA,panels,410,10,in_transit
CTN_0483,SHIP_029,PORT_PIRA,PORT_PIRA,mixed,285,39,delivered
CTN_0484,SHIP_029,PORT_VALE,PORT_PIRA,racking,464,37,in_transit
CTN_0485,SHIP_029,PORT_FELI,PORT_HAMB,inverters,175,29,in_transit
CTN_0486,SHIP_029,PORT_VALE,PORT_FELI,racking,167,23,delayed
CTN_0487,SHIP_029,PORT_PIRA,PORT_PIRA,inverters,373,38,delayed
CTN_0488,SHIP_029,PORT_CASA,PORT_ANTW,inverters,449,16,in_transit
CTN_0489,SHIP_029,PORT_FELI,PORT_ANTW,panels,232,13,in_transit
CTN_0490,SHIP_029,PORT_TUNI,PORT_VALE,mixed,199,25,in_transit
CTN_0491,SHIP_029,PORT_TRIP,PORT_ROTT,mixed,600,33,in_transit
CTN_0492,SHIP_029,PORT_SHAN,PORT_ROTT,inverters,338,37,delivered
CTN_0493,SHIP_029,PORT_TUNI,PORT_ROTT,panels,429,33,in_transit
CTN_0494,SHIP_029,PORT_ROTT,PORT_ROTT,racking,490,17,delivered
CTN_0495,SHIP_029,PORT_HAMB,PORT_HAMB,racking,111,46,delivered
CTN_0496,SHIP_029,PORT_ALEX,PORT_HAMB,inverters,334,22,delayed
CTN_0497,SHIP_029,PORT_ANTW,PORT_ROTT,inverters,126,16,delayed
CTN_0498,SHIP_029,PORT_ANTW,PORT_ROTT,racking,486,20,in_transit
CTN_0499,SHIP_029,PORT_SHAN,PORT_VALE,panels,574,13,in_transit
CTN_0500,SHIP_030,PORT_ROTT,PORT_TANG,racking,389,15,delivered
CTN_0501,SHIP_030,PORT_TANG,PORT_TUNI,mixed,458,29,in_transit
CTN_0502,SHIP_030,PORT_HAMB,PORT_TANG,mixed,320,11,delayed
CTN_0503,SHIP_030,PORT_ALEX,PORT_TANG,panels,482,54,in_transit
CTN_0504,SHIP_030,PORT_ROTT,PORT_CASA,panels,412,20,delivered
CTN_0505,SHIP_030,PORT_FELI,PORT_CASA,racking,113,35,delayed
CTN_0506,SHIP_030,PORT_SHAN,PORT_TUNI,racking,382,34,delivered
CTN_0507,SHIP_030,PORT_ALGI,PORT_TUNI,mixed,362,19,delayed
CTN_0508,SHIP_030,PORT_ROTT,PORT_CASA,mixed,200,31,in_transit
CTN_0509,SHIP_030,PORT_TUNI,PORT_ALEX,panels,131,49,in_transit
CTN_0510,SHIP_030,PORT_TUNI,PORT_CASA,mixed,596,27,delayed
CTN_0511,SHIP_030,PORT_PIRA,PORT_ALEX,inverters,266,34,in_transit
CTN_0512,SHIP_030,PORT_TUNI,PORT_CASA,inverters,425,28,in_transit
CTN_0513,SHIP_030,PORT_HAMB,PORT_CASA,panels,341,16,delivered
CTN_0514,SHIP_030,PORT_ANTW,PORT_TANG,racking,209,18,in_transit
CTN_0515,SHIP_030,PORT_ANTW,PORT_ALGI,racking,81,20,in_transit
CTN_0516,SHIP_030,PORT_PIRA,PORT_TUNI,mixed,383,40,delayed
CTN_0517,SHIP_030,PORT_VALE,PORT_TANG,mixed,169,21,delayed
CTN_0518,SHIP_030,PORT_TRIP,PORT_TUNI,panels,460,40,in_transit
CTN_0519,SHIP_030,PORT_CASA,PORT_ALGI,mixed,417,4,delivered
CTN_0520,SHIP_030,PORT_TRIP,PORT_TANG,inverters,394,36,in_transit
CTN_0521,SHIP_030,PORT_ROTT,PORT_TANG,panels,193,38,in_transit
CTN_0522,SHIP_030,PORT_TANG,PORT_ALEX,panels,153,19,in_transit
CTN_0523,SHIP_030,PORT_TUNI,PORT_ALGI,inverters,87,18,delayed
CTN_0524,SHIP_030,PORT_CASA,PORT_CASA,mixed,283,46,in_transit
CTN_0525,SHIP_030,PORT_TRIP,PORT_CASA,racking,454,24,delivered
CTN_0526,SHIP_030,PORT_ANTW,PORT_TUNI,inverters,254,47,delayed
CTN_0527,SHIP_030,PORT_ANTW,PORT_TANG,racking,372,35,in_transit
CTN_0528,SHIP_030,PORT_FELI,PORT_TANG,panels,306,29,in_transit
CTN_0529,SHIP_030,PORT_TUNI,PORT_TRIP,panels,453,37,delivered
CTN_0530,SHIP_030,PORT_SHAN,PORT_ALGI,racking,600,45,in_transit
CTN_0531,SHIP_030,PORT_ROTT,PORT_TANG,mixed,51,2,in_transit
CTN_0532,SHIP_030,PORT_SHAN,PORT_TANG,mixed,163,29,delayed
CTN_0533,SHIP_031,PORT_CASA,PORT_ANTW,racking,82,23,delivered
CTN_0534,SHIP_031,PORT_CASA,PORT_PIRA,panels,430,23,delivered
CTN_0535,SHIP_031,PORT_TUNI,PORT_FELI,racking,411,44,in_transit
CTN_0536,SHIP_031,PORT_ROTT,PORT_FELI,panels,172,34,in_transit
CTN_0537,SHIP_031,PORT_CASA,PORT_ANTW,inverters,351,17,delivered
CTN_0538,SHIP_031,PORT_TANG,PORT_VALE,mixed,328,47,delayed
CTN_0539,SHIP_031,PORT_ROTT,PORT_ROTT,panels,445,24,delayed
CTN_0540,SHIP_031,PORT_TANG,PORT_VALE,panels,547,17,delivered
CTN_0541,SHIP_031,PORT_PIRA,PORT_PIRA,mixed,136,35,in_transit
CTN_0542,SHIP_031,PORT_TANG,PORT_HAMB,mixed,359,2,delayed
CTN_0543,SHIP_031,PORT_TRIP,PORT_ANTW,racking,177,46,delayed
CTN_0544,SHIP_031,PORT_ROTT,PORT_ROTT,inverters,243,2,delayed
CTN_0545,SHIP_031,PORT_CASA,PORT_FELI,inverters,20,19,delivered
CTN_0546,SHIP_031,PORT_PIRA,PORT_ANTW,inverters,415,22,delayed
CTN_0547,SHIP_031,PORT_PIRA,PORT_PIRA,inverters,451,10,in_transit
CTN_0548,SHIP_031,PORT_ANTW,PORT_HAMB,inverters,146,27,delivered
CTN_0549,SHIP_031,PORT_ALEX,PORT_ROTT,inverters,383,21,delayed
CTN_0550,SHIP_031,PORT_ROTT,PORT_VALE,panels,291,23,delivered
CTN_0551,SHIP_031,PORT_VALE,PORT_ROTT,mixed,600,44,in_transit
CTN_0552,SHIP_031,PORT_HAMB,PORT_VALE,mixed,377,37,delivered
CTN_0553,SHIP_031,PORT_FELI,PORT_ROTT,racking,233,22,delivered
CTN_0554,SHIP_031,PORT_SHAN,PORT_VALE,inverters,321,46,in_transit
CTN_0555,SHIP_032,PORT_ANTW,PORT_TANG,panels,470,42,delayed
CTN_0556,SHIP_032,PORT_TRIP,PORT_ALGI,racking,325,42,delivered
CTN_0557,SHIP_032,PORT_TRIP,PORT_ALGI,racking,388,31,delayed
CTN_0558,SHIP_032,PORT_ANTW,PORT_TRIP,racking,303,29,delayed
CTN_0559,SHIP_032,PORT_ROTT,PORT_ALGI,racking,308,26,delivered
CTN_0560,SHIP_032,PORT_TRIP,PORT_TRIP,inverters,138,6,in_transit
CTN_0561,SHIP_032,PORT_PIRA,PORT_CASA,panels,553,42,delivered
CTN_0562,SHIP_032,PORT_TANG,PORT_TRIP,racking,338,33,delivered
CTN_0563,SHIP_032,PORT_TRIP,PORT_TRIP,panels,310,36,delivered
CTN_0564,SHIP_032,PORT_VALE,PORT_TRIP,racking,248,2,delivered
CTN_0565,SHIP_032,PORT_PIRA,PORT_ALGI,panels,221,15,delivered
CTN_0566,SHIP_032,PORT_HAMB,PORT_TANG,panels,20,33,delayed
CTN_0567,SHIP_033,PORT_ALGI,PORT_PIRA,panels,305,26,in_transit
CTN_0568,SHIP_033,PORT_ALGI,PORT_PIRA,mixed,262,7,in_transit
CTN_0569,SHIP_033,PORT_SHAN,PORT_VALE,racking,299,21,in_transit
CTN_0570,SHIP_033,PORT_ROTT,PORT_ROTT,mixed,155,26,in_transit
CTN_0571,SHIP_033,PORT_ROTT,PORT_HAMB,mixed,582,20,delivered
CTN_0572,SHIP_033,PORT_ALGI,PORT_HAMB,inverters,296,22,in_transit
CTN_0573,SHIP_033,PORT_FELI,PORT_VALE,inverters,139,4,delayed
CTN_0574,SHIP_034,PORT_FELI,PORT_PIRA,inverters,390,16,delayed
CTN_0575,SHIP_034,PORT_CASA,PORT_ANTW,mixed,226,36,in_transit
CTN_0576,SHIP_034,PORT_CASA,PORT_VALE,inverters,458,7,delayed
CTN_0577,SHIP_034,PORT_TANG,PORT_ANTW,racking,551,37,delivered
CTN_0578,SHIP_034,PORT_CASA,PORT_HAMB,racking,294,2,delivered
CTN_0579,SHIP_034,PORT_TUNI,PORT_HAMB,panels,246,13,delayed
CTN_0580,SHIP_034,PORT_CASA,PORT_HAMB,inverters,442,32,delayed
CTN_0581,SHIP_034,PORT_CASA,PORT_PIRA,panels,283,46,in_transit
CTN_0582,SHIP_034,PORT_VALE,PORT_VALE,inverters,356,36,delivered
CTN_0583,SHIP_034,PORT_SHAN,PORT_HAMB,mixed,419,6,in_transit
CTN_0584,SHIP_034,PORT_HAMB,PORT_ROTT,mixed,316,11,delayed
CTN_0585,SHIP_034,PORT_ALEX,PORT_FELI,racking,315,26,delivered
CTN_0586,SHIP_034,PORT_FELI,PORT_PIRA,panels,307,31,delayed
CTN_0587,SHIP_034,PORT_TANG,PORT_HAMB,panels,251,24,delayed
CTN_0588,SHIP_034,PORT_HAMB,PORT_VALE,panels,294,6,in_transit
CTN_0589,SHIP_034,PORT_CASA,PORT_PIRA,racking,408,52,delayed
CTN_0590,SHIP_034,PORT_CASA,PORT_VALE,panels,159,27,delayed
CTN_0591,SHIP_034,PORT_TANG,PORT_HAMB,mixed,88,10,delivered
CTN_0592,SHIP_034,PORT_ALEX,PORT_HAMB,inverters,600,50,in_transit
CTN_0593,SHIP_034,PORT_TANG,PORT_ANTW,mixed,440,7,in_transit
CTN_0594,SHIP_034,PORT_SHAN,PORT_VALE,inverters,383,10,delivered
CTN_0595,SHIP_034,PORT_TANG,PORT_ROTT,racking,267,47,delivered
CTN_0596,SHIP_035,PORT_ALEX,PORT_ROTT,mixed,446,50,delayed
CTN_0597,SHIP_035,PORT_TUNI,PORT_FELI,inverters,410,34,in_transit
CTN_0598,SHIP_035,PORT_PIRA,PORT_VALE,panels,118,16,in_transit
CTN_0599,SHIP_035,PORT_TUNI,PORT_ROTT,inverters,516,29,delayed
CTN_0600,SHIP_035,PORT_FELI,PORT_VALE,panels,265,39,delivered
CTN_0601,SHIP_035,PORT_FELI,PORT_ROTT,racking,395,12,delayed
CTN_0602,SHIP_035,PORT_TRIP,PORT_ROTT,inverters,273,37,delivered
CTN_0603,SHIP_035,PORT_ROTT,PORT_HAMB,inverters,377,9,in_transit
CTN_0604,SHIP_035,PORT_VALE,PORT_ANTW,mixed,354,25,delayed
CTN_0605,SHIP_035,PORT_SHAN,PORT_PIRA,panels,302,40,delivered
CTN_0606,SHIP_035,PORT_HAMB,PORT_ANTW,panels,253,6,delivered
CTN_0607,SHIP_035,PORT_CASA,PORT_ROTT,panels,358,10,delivered
CTN_0608,SHIP_035,PORT_PIRA,PORT_HAMB,mixed,534,27,delivered
CTN_0609,SHIP_035,PORT_ALGI,PORT_ANTW,panels,371,10,delivered
CTN_0610,SHIP_035,PORT_ALGI,PORT_HAMB,inverters,429,18,delivered
CTN_0611,SHIP_035,PORT_ALGI,PORT_ROTT,racking,277,36,delayed
CTN_0612,SHIP_035,PORT_CASA,PORT_PIRA,panels,541,46,delivered
CTN_0613,SHIP_035,PORT_TRIP,PORT_ROTT,inverters,189,12,delivered
CTN_0614,SHIP_035,PORT_VALE,PORT_PIRA,panels,439,26,delivered
CTN_0615,SHIP_035,PORT_ROTT,PORT_PIRA,panels,387,18,delivered
CTN_0616,SHIP_035,PORT_VALE,PORT_HAMB,mixed,112,27,in_transit
CTN_0617,SHIP_035,PORT_PIRA,PORT_VALE,mixed,408,12,delayed
CTN_0618,SHIP_035,PORT_HAMB,PORT_FELI,panels,409,42,delivered
CTN_0619,SHIP_035,PORT_HAMB,PORT_FELI,inverters,293,21,in_transit
CTN_0620,SHIP_036,PORT_FELI,PORT_MUSC,mixed,384,10,in_transit
CTN_0621,SHIP_036,PORT_CASA,PORT_DOHA,panels,312,29,in_transit
CTN_0622,SHIP_036,PORT_PIRA,PORT_DOHA,inverters,146,33,in_transit
CTN_0623,SHIP_036,PORT_CASA,PORT_DAMM,mixed,293,50,delayed
CTN_0624,SHIP_036,PORT_HAMB,PORT_DOHA,inverters,244,67,in_transit
CTN_0625,SHIP_036,PORT_ANTW,PORT_AQAB,inverters,34,51,delayed
CTN_0626,SHIP_036,PORT_PIRA,PORT_JEDD,inverters,92,52,delivered
CTN_0627,SHIP_036,PORT_CASA,PORT_DAMM,panels,53,52,delayed
CTN_0628,SHIP_036,PORT_ROTT,PORT_MUSC,mixed,397,19,delivered
CTN_0629,SHIP_036,PORT_ALGI,PORT_AQAB,panels,22,43,delayed
CTN_0630,SHIP_036,PORT_ALGI,PORT_JEDD,panels,352,26,in_transit
CTN_0631,SHIP_036,PORT_TUNI,PORT_DOHA,inverters,167,46,in_transit
CTN_0632,SHIP_036,PORT_TRIP,PORT_MUSC,mixed,307,16,delayed
CTN_0633,SHIP_036,PORT_TANG,PORT_DUBA,racking,409,48,delivered
CTN_0634,SHIP_036,PORT_FELI,PORT_JEDD,racking,274,11,in_transit
CTN_0635,SHIP_036,PORT_VALE,PORT_AQAB,mixed,336,10,delivered
CTN_0636,SHIP_036,PORT_ALEX,PORT_MUSC,racking,286,20,in_transit
CTN_0637,SHIP_036,PORT_SHAN,PORT_DAMM,racking,513,24,delayed
CTN_0638,SHIP_037,PORT_HAMB,PORT_ALGI,inverters,339,43,delivered
CTN_0639,SHIP_037,PORT_ANTW,PORT_TANG,panels,352,27,in_transit
CTN_0640,SHIP_037,PORT_PIRA,PORT_TUNI,racking,301,30,delayed
CTN_0641,SHIP_037,PORT_FELI,PORT_TANG,panels,347,27,delayed
CTN_0642,SHIP_037,PORT_VALE,PORT_CASA,mixed,135,4,delivered
CTN_0643,SHIP_037,PORT_SHAN,PORT_ALGI,inverters,379,39,in_transit
CTN_0644,SHIP_037,PORT_ROTT,PORT_ALGI,inverters,596,14,delayed
CTN_0645,SHIP_037,PORT_ALGI,PORT_CASA,mixed,312,21,in_transit
CTN_0646,SHIP_037,PORT_ALGI,PORT_TUNI,racking,233,14,delivered
CTN_0647,SHIP_037,PORT_TUNI,PORT_TUNI,mixed,364,69,delivered
CTN_0648,SHIP_037,PORT_ANTW,PORT_ALGI,panels,287,2,delivered
CTN_0649,SHIP_037,PORT_TANG,PORT_TRIP,mixed,182,20,delivered
CTN_0650,SHIP_037,PORT_PIRA,PORT_TUNI,mixed,116,29,delayed
CTN_0651,SHIP_037,PORT_ROTT,PORT_TRIP,racking,183,38,in_transit
CTN_0652,SHIP_037,PORT_ALGI,PORT_ALGI,panels,390,28,delivered
CTN_0653,SHIP_037,PORT_ROTT,PORT_CASA,mixed,400,28,in_transit
CTN_0654,SHIP_037,PORT_ROTT,PORT_TANG,panels,171,42,in_transit
CTN_0655,SHIP_037,PORT_SHAN,PORT_CASA,panels,342,31,delivered
CTN_0656,SHIP_037,PORT_CASA,PORT_CASA,mixed,437,28,delayed
CTN_0657,SHIP_037,PORT_FELI,PORT_TANG,panels,395,34,delayed
CTN_0658,SHIP_037,PORT_TUNI,PORT_ALGI,inverters,405,73,delivered
CTN_0659,SHIP_037,PORT_TUNI,PORT_ALGI,racking,233,23,delivered
CTN_0660,SHIP_037,PORT_SHAN,PORT_TUNI,racking,229,6,delayed
CTN_0661,SHIP_037,PORT_FELI,PORT_TUNI,racking,395,72,delayed
CTN_0662,SHIP_037,PORT_ALGI,PORT_ALEX,inverters,435,19,delayed
CTN_0663,SHIP_037,PORT_ALGI,PORT_ALEX,panels,205,27,delivered
CTN_0664,SHIP_037,PORT_TUNI,PORT_TUNI,racking,225,27,delivered
CTN_0665,SHIP_037,PORT_FELI,PORT_TUNI,racking,32,23,delivered
CTN_0666,SHIP_038,PORT_HAMB,PORT_ALGI,inverters,290,48,in_transit
CTN_0667,SHIP_038,PORT_ANTW,PORT_TANG,mixed,439,41,delivered
CTN_0668,SHIP_038,PORT_PIRA,PORT_CASA,inverters,363,38,in_transit
CTN_0669,SHIP_038,PORT_VALE,PORT_TANG,mixed,164,37,in_transit
CTN_0670,SHIP_038,PORT_HAMB,PORT_TANG,racking,356,2,delayed
CTN_0671,SHIP_038,PORT_FELI,PORT_CASA,panels,574,12,delivered
CTN_0672,SHIP_038,PORT_FELI,PORT_ALGI,panels,567,23,delayed
CTN_0673,SHIP_038,PORT_TANG,PORT_CASA,racking,244,41,delayed
CTN_0674,SHIP_038,PORT_ALEX,PORT_TRIP,mixed,393,5,in_transit
CTN_0675,SHIP_038,PORT_ALGI,PORT_ALGI,mixed,293,25,delayed
CTN_0676,SHIP_038,PORT_ALGI,PORT_TRIP,racking,345,45,delayed
CTN_0677,SHIP_038,PORT_HAMB,PORT_ALGI,inverters,324,29,delivered
CTN_0678,SHIP_038,PORT_TANG,PORT_TANG,panels,254,22,in_transit
CTN_0679,SHIP_038,PORT_ALEX,PORT_TUNI,inverters,236,19,delivered
CTN_0680,SHIP_038,PORT_TANG,PORT_TRIP,racking,534,25,in_transit
CTN_0681,SHIP_038,PORT_VALE,PORT_ALGI,mixed,290,27,in_transit
CTN_0682,SHIP_038,PORT_FELI,PORT_ALGI,racking,428,33,delayed
CTN_0683,SHIP_038,PORT_ALEX,PORT_TANG,panels,155,62,in_transit
CTN_0684,SHIP_038,PORT_TRIP,PORT_TANG,panels,515,34,delayed
CTN_0685,SHIP_038,PORT_CASA,PORT_CASA,panels,252,27,delayed
CTN_0686,SHIP_038,PORT_VALE,PORT_ALGI,racking,344,58,in_transit
CTN_0687,SHIP_038,PORT_ANTW,PORT_ALGI,inverters,286,71,delayed
CTN_0688,SHIP_039,PORT_HAMB,PORT_ANTW,panels,189,10,delayed
CTN_0689,SHIP_039,PORT_ALEX,PORT_FELI,mixed,20,13,delayed
CTN_0690,SHIP_039,PORT_SHAN,PORT_PIRA,inverters,359,12,delivered
CTN_0691,SHIP_039,PORT_SHAN,PORT_ROTT,racking,546,4,in_transit
CTN_0692,SHIP_039,PORT_PIRA,PORT_VALE,mixed,550,35,delivered
CTN_0693,SHIP_039,PORT_PIRA,PORT_HAMB,panels,146,23,delayed
CTN_0694,SHIP_039,PORT_ANTW,PORT_VALE,panels,360,13,in_transit
CTN_0695,SHIP_039,PORT_HAMB,PORT_VALE,mixed,344,23,delayed
CTN_0696,SHIP_039,PORT_ANTW,PORT_PIRA,panels,485,19,delivered
CTN_0697,SHIP_039,PORT_FELI,PORT_ROTT,inverters,238,26,delivered
CTN_0698,SHIP_039,PORT_ROTT,PORT_HAMB,racking,88,2,in_transit
CTN_0699,SHIP_039,PORT_SHAN,PORT_FELI,panels,60,9,delivered
CTN_0700,SHIP_039,PORT_PIRA,PORT_ROTT,mixed,348,40,delayed
CTN_0701,SHIP_039,PORT_FELI,PORT_PIRA,panels,265,6,delayed
CTN_0702,SHIP_039,PORT_PIRA,PORT_FELI,inverters,143,14,in_transit
CTN_0703,SHIP_039,PORT_HAMB,PORT_ROTT,mixed,600,23,delivered
CTN_0704,SHIP_039,PORT_CASA,PORT_ANTW,inverters,263,25,in_transit
CTN_0705,SHIP_039,PORT_ROTT,PORT_HAMB,inverters,359,35,delivered
CTN_0706,SHIP_039,PORT_FELI,PORT_FELI,racking,400,30,delayed
CTN_0707,SHIP_039,PORT_HAMB,PORT_HAMB,panels,87,8,delayed
CTN_0708,SHIP_039,PORT_SHAN,PORT_HAMB,inverters,413,35,in_transit
CTN_0709,SHIP_039,PORT_ALEX,PORT_HAMB,racking,331,48,delivered
CTN_0710,SHIP_040,PORT_ANTW,PORT_ROTT,racking,317,25,delayed
CTN_0711,SHIP_040,PORT_PIRA,PORT_ROTT,inverters,405,49,delivered
CTN_0712,SHIP_040,PORT_ANTW,PORT_PIRA,mixed,20,29,delayed
CTN_0713,SHIP_040,PORT_VALE,PORT_HAMB,mixed,600,29,delivered
CTN_0714,SHIP_040,PORT_SHAN,PORT_ANTW,inverters,448,2,delivered
CTN_0715,SHIP_040,PORT_TRIP,PORT_ANTW,racking,206,18,delivered
CTN_0716,SHIP_040,PORT_FELI,PORT_HAMB,mixed,378,23,in_transit
CTN_0717,SHIP_040,PORT_HAMB,PORT_HAMB,mixed,151,14,delayed
CTN_0718,SHIP_040,PORT_VALE,PORT_PIRA,racking,65,33,delivered
CTN_0719,SHIP_040,PORT_FELI,PORT_HAMB,racking,200,34,delayed
CTN_0720,SHIP_040,PORT_ROTT,PORT_PIRA,racking,412,42,in_transit
CTN_0721,SHIP_040,PORT_HAMB,PORT_FELI,inverters,246,9,in_transit
CTN_0722,SHIP_040,PORT_TUNI,PORT_ROTT,inverters,131,37,in_transit
CTN_0723,SHIP_040,PORT_CASA,PORT_ROTT,inverters,343,14,in_transit
CTN_0724,SHIP_040,PORT_ANTW,PORT_PIRA,racking,390,20,delivered
CTN_0725,SHIP_040,PORT_HAMB,PORT_ANTW,mixed,203,11,in_transit
CTN_0726,SHIP_040,PORT_ALGI,PORT_VALE,inverters,341,64,delivered
CTN_0727,SHIP_040,PORT_CASA,PORT_HAMB,mixed,252,37,delivered
CTN_0728,SHIP_040,PORT_TUNI,PORT_ROTT,inverters,354,34,delayed
CTN_0729,SHIP_040,PORT_PIRA,PORT_VALE,racking,326,28,in_transit
CTN_0730,SHIP_040,PORT_TUNI,PORT_ANTW,mixed,252,30,delivered
CTN_0731,SHIP_040,PORT_PIRA,PORT_VALE,inverters,97,7,delayed
CTN_0732,SHIP_040,PORT_ALEX,PORT_HAMB,inverters,203,40,delivered
CTN_0733,SHIP_040,PORT_TANG,PORT_PIRA,inverters,116,23,in_transit
CTN_0734,SHIP_040,PORT_TUNI,PORT_PIRA,inverters,191,32,delivered
CTN_0735,SHIP_040,PORT_TANG,PORT_HAMB,racking,196,27,in_transit
CTN_0736,SHIP_040,PORT_TUNI,PORT_ANTW,panels,295,8,delayed
CTN_0737,SHIP_040,PORT_ROTT,PORT_ROTT,mixed,275,22,delayed
CTN_0738,SHIP_040,PORT_ROTT,PORT_ROTT,inverters,433,29,in_transit
